,Program_Description,Function_Description,Fund_Description,Location_Description,total_budget,total_fte,num_records
0,Accelerated Education,Community Services, Century Community Learning,Community Education-South,486319.3853154,6.8967,16
1,Accelerated Education,Community Services, Century Community Learning,School ,2780576.9190826,18.0,273
2,Accelerated Education,Community Services, Century Community Learning,"School, Family and Community Education",103071.33121939999,1.99,5
3,Accelerated Education,Community Services,"""Title  Part A Improving Basic Programs""",School ,24488.533625199998,0.23,18
4,Accelerated Education,Community Services,"""Title  Part A Improving Basic Programs""",Unallocated,369.48,0.0,6
5,Accelerated Education,Community Services,"""Title  Part A Improving Basic Programs""",Undistributed,65585.92,0.0,5
6,Accelerated Education,Community Services,"""Title  Part C - Migrant""",Undistributed,174.51,0.0,3
7,Accelerated Education,Community Services,Adult Basic Education,"School, Family and Community Education",166799.57533632,2.95,5
8,Accelerated Education,Community Services,Apprenticeship,School ,89763.45520353,2.55,6
9,Accelerated Education,Community Services,Community Ed-City,Community Education-South,477873.93422229995,8.75,10
10,Accelerated Education,Community Services,Community Ed-County,Community Education-South,120538.118523347,1.95,7
11,Accelerated Education,Community Services,Community Ed-County,School ,49282.4429357,1.0,1
12,Accelerated Education,Community Services,English Literacy Civics,School ,117088.62122172001,1.18,12
13,Accelerated Education,Community Services,English Literacy Civics,"School, Family and Community Education",0.77,0.0,1
14,Accelerated Education,Community Services,General Fund,Community Education-After School Program,-1.1099999999999999,0.0,2
15,Accelerated Education,Community Services,General Fund,Community Education-South,7804.389833043,0.0,4
16,Accelerated Education,Community Services,General Fund,Educational Support Services,97410.15,0.0,1
17,Accelerated Education,Community Services,General Fund,Learning Support Services,525.5408565230001,0.0,3
18,Accelerated Education,Community Services,General Fund,Program ABC,6281.42,0.0,2
19,Accelerated Education,Community Services,General Fund,School ,88105.916689348,2.0,6
20,Accelerated Education,Community Services,General Fund,"School, Family and Community Education",1117055.3412441101,4.5,32
21,Accelerated Education,Community Services,General Fund,State/Federal Compliance & Accountability,2999.77,0.0,1
22,Accelerated Education,Community Services,General Fund,Summer School,20548.326640299998,0.0,3
23,Accelerated Education,Community Services,SAMSA-Noneducation (Substance Abuse Mental Health Services Adm),School ,152322.7270165,5.65,6
24,Accelerated Education,Community Services,Title I- Part A,Learning Support Services,-0.22,0.0,1
25,Accelerated Education,Community Services,Title I- Part A,Office of Planning and Community Relations,62823.996475600004,1.0,3
26,Accelerated Education,Community Services,Title I- Part A,"School, Family and Community Education",581573.2000555,12.4,16
27,Accelerated Education,Community Services,Title I- Part A,State/Federal Compliance & Accountability,2000.6299999999999,0.0,3
28,Accelerated Education,Community Services,Title III-B Homeless children,"School, Family and Community Education",158372.2287154,2.9,8
29,Accelerated Education,Curriculum & Instructional Staff Development,"ESEA, Title II, Part A - Teacher and Principal Training and Recruiting",Academy,2942.77,0.0,2
30,Accelerated Education,Curriculum & Instructional Staff Development,"ESEA, Title II, Part A - Teacher and Principal Training and Recruiting",Accountability,66736.7217252,0.64,1
31,Accelerated Education,Curriculum & Instructional Staff Development,"ESEA, Title II, Part A - Teacher and Principal Training and Recruiting",Baptist School,3749.88,0.0,1
32,Accelerated Education,Curriculum & Instructional Staff Development,"ESEA, Title II, Part A - Teacher and Principal Training and Recruiting",Bilingual / ESL,13299.210000000001,0.0,3
33,Accelerated Education,Curriculum & Instructional Staff Development,"ESEA, Title II, Part A - Teacher and Principal Training and Recruiting",Capitol School,-0.22,0.0,1
34,Accelerated Education,Curriculum & Instructional Staff Development,"ESEA, Title II, Part A - Teacher and Principal Training and Recruiting",Catholic High School,1380.77,0.0,1
35,Accelerated Education,Curriculum & Instructional Staff Development,"ESEA, Title II, Part A - Teacher and Principal Training and Recruiting",Child Development Ctr.,726.75,0.0,1
36,Accelerated Education,Curriculum & Instructional Staff Development,"ESEA, Title II, Part A - Teacher and Principal Training and Recruiting",Christian Academy,1381.93,0.0,1
37,Accelerated Education,Curriculum & Instructional Staff Development,"ESEA, Title II, Part A - Teacher and Principal Training and Recruiting",Core Curriculum,269786.5212149,3.5,4
38,Accelerated Education,Curriculum & Instructional Staff Development,"ESEA, Title II, Part A - Teacher and Principal Training and Recruiting",County Day School,691.52,0.0,1
39,Accelerated Education,Curriculum & Instructional Staff Development,"ESEA, Title II, Part A - Teacher and Principal Training and Recruiting",County Detention Center,846.81,0.0,1
40,Accelerated Education,Curriculum & Instructional Staff Development,"ESEA, Title II, Part A - Teacher and Principal Training and Recruiting",Educator Quality ,479712.79364419996,2.5,9
41,Accelerated Education,Curriculum & Instructional Staff Development,"ESEA, Title II, Part A - Teacher and Principal Training and Recruiting",Elementary,1620.74,0.0,1
42,Accelerated Education,Curriculum & Instructional Staff Development,"ESEA, Title II, Part A - Teacher and Principal Training and Recruiting",Home for Children,793.73,0.0,1
43,Accelerated Education,Curriculum & Instructional Staff Development,"ESEA, Title II, Part A - Teacher and Principal Training and Recruiting",Human Resources,224999.09,0.0,1
44,Accelerated Education,Curriculum & Instructional Staff Development,"ESEA, Title II, Part A - Teacher and Principal Training and Recruiting",Leadership Academy,781.18,0.0,1
45,Accelerated Education,Curriculum & Instructional Staff Development,"ESEA, Title II, Part A - Teacher and Principal Training and Recruiting",Lifeworks Shelter,691.07,0.0,1
46,Accelerated Education,Curriculum & Instructional Staff Development,"ESEA, Title II, Part A - Teacher and Principal Training and Recruiting",Lutheran School,3446.01,0.0,1
47,Accelerated Education,Curriculum & Instructional Staff Development,"ESEA, Title II, Part A - Teacher and Principal Training and Recruiting",Montessori School,2196.93,0.0,1
48,Accelerated Education,Curriculum & Instructional Staff Development,"ESEA, Title II, Part A - Teacher and Principal Training and Recruiting",School,22716.53,0.0,13
49,Accelerated Education,Curriculum & Instructional Staff Development,"ESEA, Title II, Part A - Teacher and Principal Training and Recruiting",School ,66545.5911457,1.0,1
50,Accelerated Education,Curriculum & Instructional Staff Development,"ESEA, Title II, Part A - Teacher and Principal Training and Recruiting",Schools Academy,691.04,0.0,1
51,Accelerated Education,Curriculum & Instructional Staff Development,"ESEA, Title II, Part A - Teacher and Principal Training and Recruiting",Science and Health,17604.2920539,0.25,1
52,Accelerated Education,Curriculum & Instructional Staff Development,"ESEA, Title II, Part A - Teacher and Principal Training and Recruiting",Settlement Club-DBA- Settlement Home,1291.49,0.0,2
53,Accelerated Education,Curriculum & Instructional Staff Development,"ESEA, Title II, Part A - Teacher and Principal Training and Recruiting",Social Emotional Learning,306038.8824828,4.0,5
54,Accelerated Education,Curriculum & Instructional Staff Development,"ESEA, Title II, Part A - Teacher and Principal Training and Recruiting",State/Federal Compliance & Accountability,126555.57,0.0,10
55,Accelerated Education,Curriculum & Instructional Staff Development,"ESEA, Title II, Part A - Teacher and Principal Training and Recruiting",,1249.12,0.0,1
56,Accelerated Education,Curriculum & Instructional Staff Development,English Literacy Civics,School ,1.108,0.0,2
57,Accelerated Education,Curriculum & Instructional Staff Development,General Fund,Accountability,44652.2314586,1.0,1
58,Accelerated Education,Curriculum & Instructional Staff Development,General Fund,Assoc Superintendent-Area ,8389.06844109,0.0,7
59,Accelerated Education,Curriculum & Instructional Staff Development,General Fund,Assoc Superintendent-Area  Elementary ,10108.2755095,0.0,6
60,Accelerated Education,Curriculum & Instructional Staff Development,General Fund,Assoc Superintendent-High Schools,279163.64,0.0,4
61,Accelerated Education,Curriculum & Instructional Staff Development,General Fund,Bilingual / ESL,34024.474626,0.5,1
62,Accelerated Education,Curriculum & Instructional Staff Development,General Fund,College Readiness,4369.16380436,0.0,2
63,Accelerated Education,Curriculum & Instructional Staff Development,General Fund,Core Curriculum,98869.94058653,1.0,5
64,Accelerated Education,Curriculum & Instructional Staff Development,General Fund,County Day School,546.419225545,0.0,1
65,Accelerated Education,Curriculum & Instructional Staff Development,General Fund,Early Childhood,391.730642393,0.0,2
66,Accelerated Education,Curriculum & Instructional Staff Development,General Fund,Educator Quality ,4564.2300000000005,0.0,2
67,Accelerated Education,Curriculum & Instructional Staff Development,General Fund,English,56645.7553698,0.75,2
68,Accelerated Education,Curriculum & Instructional Staff Development,General Fund,Math,90556.7919864,1.0,3
69,Accelerated Education,Curriculum & Instructional Staff Development,General Fund,Prekindergarten Demonstration School,-0.47,0.0,1
70,Accelerated Education,Curriculum & Instructional Staff Development,General Fund,Primary Center,62551.877353699994,1.0,2
71,Accelerated Education,Curriculum & Instructional Staff Development,General Fund,Program ABC,8591.878756350001,0.0,3
72,Accelerated Education,Curriculum & Instructional Staff Development,General Fund,School ,702871.3234811471,10.76,45
73,Accelerated Education,Curriculum & Instructional Staff Development,General Fund,School Turnaround Initiative,3769.546048942,0.05,3
74,Accelerated Education,Curriculum & Instructional Staff Development,General Fund,"School, Family and Community Education",13078.131278,0.0,1
75,Accelerated Education,Curriculum & Instructional Staff Development,General Fund,Science and Health,136871.04915467,1.5,5
76,Accelerated Education,Curriculum & Instructional Staff Development,General Fund,Social Emotional Learning,7926.47197786,0.0,5
77,Accelerated Education,Curriculum & Instructional Staff Development,General Fund,Social Studies,155951.907274,1.75,4
78,Accelerated Education,Curriculum & Instructional Staff Development,General Fund,Special Education,2372.802875767,0.0,7
79,Accelerated Education,Curriculum & Instructional Staff Development,General Fund,Summer School,134290.64225194,0.0,13
80,Accelerated Education,Curriculum & Instructional Staff Development,"High School Allotment,  (Effective ",School ,1723.13,0.0,1
81,Accelerated Education,Curriculum & Instructional Staff Development,Literacy Initiative (Effective ,School ,380118.6206664,6.5,13
82,Accelerated Education,Curriculum & Instructional Staff Development,Teacher Incentive Grant (TIF) Effective  ,Educator Quality ,270545.0525874,3.0,4
83,Accelerated Education,Curriculum & Instructional Staff Development,Teacher Incentive Grant (TIF) Effective  ,Elementary (Pre-K),69217.70769570001,1.0,1
84,Accelerated Education,Curriculum & Instructional Staff Development,Teacher Incentive Grant (TIF) Effective  ,School ,3254124.2795464,54.0,54
85,Accelerated Education,Curriculum & Instructional Staff Development,Title I- Part A,Assoc Superintendent-Area ,157744.26778139998,2.0,4
86,Accelerated Education,Curriculum & Instructional Staff Development,Title I- Part A,Assoc Superintendent-Area  Elementary ,498968.01021449995,6.0,10
87,Accelerated Education,Curriculum & Instructional Staff Development,Title I- Part A,Assoc Superintendent-High Schools,239704.8195971,3.0,5
88,Accelerated Education,Curriculum & Instructional Staff Development,Title I- Part A,Bilingual / ESL,-0.05,0.0,1
89,Accelerated Education,Curriculum & Instructional Staff Development,Title I- Part A,Core Curriculum,114297.8921535,1.5,2
90,Accelerated Education,Curriculum & Instructional Staff Development,Title I- Part A,Educator Development,-0.10000000000000009,0.0,4
91,Accelerated Education,Curriculum & Instructional Staff Development,Title I- Part A,School Turnaround Initiative,68845.0240354,0.95,1
92,Accelerated Education,Curriculum & Instructional Staff Development,Title I- Part A,Special Programs,1801207.9323014,2.0,14
93,Accelerated Education,Curriculum & Instructional Staff Development,Title I- Part A,State/Federal Compliance & Accountability,154798.16,0.0,5
94,Accelerated Education,Curriculum & Instructional Staff Development,Title I- Part A,Summer School,39812.35,0.0,1
95,Accelerated Education,Curriculum & Instructional Staff Development,Title I- Part D ,State/Federal Compliance & Accountability,0.18,0.0,5
96,Accelerated Education,Curriculum Development And Instructional Staff Dev, Regional Collaboratives,School ,541.558861867,0.0,4
97,Accelerated Education,Curriculum Development And Instructional Staff Dev, Regional Collaboratives,Undistributed,15581.015354800998,0.0,18
98,Accelerated Education,Curriculum Development And Instructional Staff Dev,"""Title  Part A Improving Basic Programs""",School ,62958.352809123004,0.0,71
99,Accelerated Education,Curriculum Development And Instructional Staff Dev,"""Title  Part A Improving Basic Programs""",Summer School,3753.78,0.0,1
100,Accelerated Education,Curriculum Development And Instructional Staff Dev,"""Title  Part A Improving Basic Programs""",Undistributed,1536054.770154285,0.0,127
101,Accelerated Education,Curriculum Development And Instructional Staff Dev,Esea Title Ii Part A Teacher & Principal Training,School ,233259.7282215631,0.0,453
102,Accelerated Education,Curriculum Development And Instructional Staff Dev,Esea Title Ii Part A Teacher & Principal Training,Undistributed,270464.055259447,0.0,52
103,Accelerated Education,Curriculum Development And Instructional Staff Dev,General Operating Fund,School ,4764.6029068964,0.0,23
104,Accelerated Education,Curriculum Development And Instructional Staff Dev,General Operating Fund,Undistributed,11200.22,0.0,1
105,Accelerated Education,Curriculum Development And Instructional Staff Dev,Intensive Reading Instruction Initiative Grant,School ,13154.581950791,0.0,11
106,Accelerated Education,Curriculum Development And Instructional Staff Dev,Lower Strands Prj.,School ,26530.495600661,0.0,64
107,Accelerated Education,"Guidance, Counseling and Evaluation Services", Century Community Learning,Community Education-South,70123.9274949,1.1333,5
108,Accelerated Education,"Guidance, Counseling and Evaluation Services",A Foundation  (effective ,Social Emotional Learning,14801.7793789,0.25,1
109,Accelerated Education,"Guidance, Counseling and Evaluation Services",Community Ed-City,Community Education-South,5835.70066386,0.0833,1
110,Accelerated Education,"Guidance, Counseling and Evaluation Services",Community Ed-County,Community Education-South,4678.43097245,0.08,1
111,Accelerated Education,"Guidance, Counseling and Evaluation Services","ESEA, Title II, Part A - Teacher and Principal Training and Recruiting",Office of Program Evaluation,52183.079723300005,0.5941,2
112,Accelerated Education,"Guidance, Counseling and Evaluation Services",General Fund,College Readiness,1999.76,0.0,1
113,Accelerated Education,"Guidance, Counseling and Evaluation Services",General Fund,Guidance & Counseling,51026.07622662,0.1,3
114,Accelerated Education,"Guidance, Counseling and Evaluation Services",General Fund,Leadership Academy,61081.0406742,1.0,1
115,Accelerated Education,"Guidance, Counseling and Evaluation Services",General Fund,Learning Support Services,1698954.49522909,26.0,87
116,Accelerated Education,"Guidance, Counseling and Evaluation Services",General Fund,Office of Program Evaluation,25253.8877361,0.25,1
117,Accelerated Education,"Guidance, Counseling and Evaluation Services",General Fund,Prekindergarten Demonstration School,55684.9109193,1.0,1
118,Accelerated Education,"Guidance, Counseling and Evaluation Services",General Fund,Primary Center,29220.6376749,0.5,1
119,Accelerated Education,"Guidance, Counseling and Evaluation Services",General Fund,School ,4559523.396187262,71.6,187
120,Accelerated Education,"Guidance, Counseling and Evaluation Services",General Fund,"School, Family and Community Education",43318.5289986,0.0,4
121,Accelerated Education,"Guidance, Counseling and Evaluation Services",General Fund,Special Ed Evaluation Services,89192.181025728,2.5,7
122,Accelerated Education,"Guidance, Counseling and Evaluation Services",General Fund,Special Education,65576.1381676,1.0,1
123,Accelerated Education,"Guidance, Counseling and Evaluation Services",General Fund,Summer School,30741.37279519,0.0,3
124,Accelerated Education,"Guidance, Counseling and Evaluation Services",General Fund,,199.66,0.0,1
125,Accelerated Education,"Guidance, Counseling and Evaluation Services",Safe School/Healthy Students Grant - effective ,Office of Program Evaluation,115811.82258850001,1.5,2
126,Accelerated Education,"Guidance, Counseling and Evaluation Services",Teacher Incentive Grant (TIF) Effective  ,Office of Program Evaluation,80196.59075830001,1.1,2
127,Accelerated Education,"Guidance, Counseling and Evaluation Services",Title I- Part A,Office of Program Evaluation,188794.12474477003,2.5441,11
128,Accelerated Education,"Guidance, Counseling and Evaluation Services",Title I- Part A,Special Education,30119.8118928,0.5,1
129,Accelerated Education,"Guidance, Counseling and Evaluation Services",Title I- Part D ,County Day School,0.08,0.0,1
130,Accelerated Education,"Guidance, Counseling and Evaluation Services",Title I- Part D ,Office of Program Evaluation,12463.1890377,0.1176,1
131,Accelerated Education,Instruction, Virtual School Network Receiver,School ,1174.1899180052,0.0,3
132,Accelerated Education,Instruction,"""Title  Part A Improving Basic Programs""",School ,678985.3479543441,7.79,96
133,Accelerated Education,Instruction,"""Title  Part A Improving Basic Programs""",Undistributed,616978.17,0.0,7
134,Accelerated Education,Instruction,"""Title  Part C - Migrant""",Undistributed,449.14,0.0,1
135,Accelerated Education,Instruction,Algebra Readiness,School ,111016.9683014,2.0,2
136,Accelerated Education,Instruction,Basic Skills Programs For High School Students / H,School ,-0.58,0.0,1
137,Accelerated Education,Instruction,Capital Fund For Educ Inc.,"School, Family and Community Education",27807.9398783,0.4,1
138,Accelerated Education,Instruction,"ESEA, Title II, Part A - Teacher and Principal Training and Recruiting",State/Federal Compliance & Accountability,741255.99,0.0,2
139,Accelerated Education,Instruction,Energy,School ,91086.2353314,2.0,2
140,Accelerated Education,Instruction,Esea Title Ii Part A Teacher & Principal Training,School ,1787728.54177497,29.54,155
141,Accelerated Education,Instruction,General Fund,Assoc Superintendent-Area ,1176571.3770399,0.0,6
142,Accelerated Education,Instruction,General Fund,Assoc Superintendent-High Schools,108837.4915763,0.0,3
143,Accelerated Education,Instruction,General Fund,Bilingual / ESL,5151.62,0.0,1
144,Accelerated Education,Instruction,General Fund,College Readiness,592327.1515229,0.0,8
145,Accelerated Education,Instruction,General Fund,County Day School,62575.315561186,1.0,8
146,Accelerated Education,Instruction,General Fund,County Detention Center,303772.14785308205,5.0,14
147,Accelerated Education,Instruction,General Fund,Early Childhood Center,122937.86995789,3.0,5
148,Accelerated Education,Instruction,General Fund,Elementary (Pre-K),-0.51,0.0,1
149,Accelerated Education,Instruction,General Fund,English,34617.14183,0.5,2
150,Accelerated Education,Instruction,General Fund,Graduation Pathways,1031730.16,0.0,2
151,Accelerated Education,Instruction,General Fund,Homebound,278525.41832212004,5.0,9
152,Accelerated Education,Instruction,General Fund,Hospital,78645.04893573599,1.0,4
153,Accelerated Education,Instruction,General Fund,House,112701.5196704,2.0,5
154,Accelerated Education,Instruction,General Fund,Human Resources and Information Systems,148049.35816600002,0.0,1
155,Accelerated Education,Instruction,General Fund,Leadership Academy,446504.267986431,8.0,16
156,Accelerated Education,Instruction,General Fund,Learning Support Services,766870.149458026,1.0,6
157,Accelerated Education,Instruction,General Fund,Prekindergarten Demonstration School,281562.65926348,4.0,11
158,Accelerated Education,Instruction,General Fund,Primary Center,125969.468851,0.0,1
159,Accelerated Education,Instruction,General Fund,Program ABC,726689.2309998972,5.0,14
160,Accelerated Education,Instruction,General Fund,Response to Intervention,246062.29,0.0,1
161,Accelerated Education,Instruction,General Fund,School ,14008942.079028782,226.388,642
162,Accelerated Education,Instruction,General Fund,School 6-12,1084475.61,0.0,1
163,Accelerated Education,Instruction,General Fund,School K-5,1807460.45,0.0,1
164,Accelerated Education,Instruction,General Fund,School Turnaround Initiative,410543.808198165,0.0,8
165,Accelerated Education,Instruction,General Fund,"School, Family and Community Education",518500.37231749005,0.0,12
166,Accelerated Education,Instruction,General Fund,Science and Health,235102.7463525,0.0,5
167,Accelerated Education,Instruction,General Fund,Social Studies,-0.83,0.0,1
168,Accelerated Education,Instruction,General Fund,Special Education AH/VH,-0.67,0.0,1
169,Accelerated Education,Instruction,General Fund,Summer School,3453082.56809907,0.0,42
170,Accelerated Education,Instruction,General Fund,Work Projects,1781421.96,0.0,2
171,Accelerated Education,Instruction,General Fund,,220593.87312528,1.55,6
172,Accelerated Education,Instruction,General Operating Fund,School ,1324.6511382485,0.0,17
173,Accelerated Education,Instruction,Grant (Effective ,School ,67115.8803806,1.0,2
174,Accelerated Education,Instruction,High School Completion & Success Grant (Effective ,School ,124778.0731914,2.0,2
175,Accelerated Education,Instruction,Intensive Reading Instruction Initiative Grant,School ,13254.550000000001,0.0,4
176,Accelerated Education,Instruction,Intensive Reading Instruction Initiative Grant,Summer School,34222.908830765,0.0,30
177,Accelerated Education,Instruction,Literacy Initiative (Effective ,School ,752919.46466846,13.01,21
178,Accelerated Education,Instruction,Lower Strands Prj.,School ,117880.05,0.0,38
179,Accelerated Education,Instruction,Title I- Part A,Assoc Superintendent-Area  Elementary ,56644.4285457,1.0,1
180,Accelerated Education,Instruction,Title I- Part A,Assoc Superintendent-High Schools,0.78,0.0,1
181,Accelerated Education,Instruction,Title I- Part A,School Turnaround Initiative,-0.18,0.0,1
182,Accelerated Education,Instruction,Title I- Part A,State/Federal Compliance & Accountability,5067162.4799999995,0.0,6
183,Accelerated Education,Instruction,Title I- Part A,Summer School,808005.076,0.0,2
184,Accelerated Education,Instruction,Title I- Part D ,County Day School,18476.780000000002,0.0,2
185,Accelerated Education,Instruction,Title I- Part D ,County Detention Center,113239.13,0.0,1
186,Accelerated Education,Instruction,Title I- Part D ,House,24435.97,0.0,1
187,Accelerated Education,Instruction,Title I- Part D ,Leadership Academy,35760.020000000004,0.0,2
188,Accelerated Education,Instruction,Title I- Part D ,State/Federal Compliance & Accountability,47227.369999999995,0.0,5
189,Accelerated Education,Instruction,Title I- Part D ,Youth Commission,9536.07,0.0,1
190,Accelerated Education,Instructional Leadership, Regional Collaboratives,Unallocated,2534.3400000000006,0.0,2
191,Accelerated Education,Instructional Leadership, Virtual School Network Receiver,Unallocated,160.73,0.0,1
192,Accelerated Education,Instructional Leadership,"""Title  Part A Improving Basic Programs""",Unallocated,370717.383155834,4.59,38
193,Accelerated Education,Instructional Leadership,"""Title  Part A Improving Basic Programs""",Undistributed,1219.68,0.0,1
194,Accelerated Education,Instructional Leadership,"""Title  Part C - Migrant""",Unallocated,1400.24,0.0,3
195,Accelerated Education,Instructional Leadership,"""Title  Part C - Migrant""",Undistributed,188.82000000000002,0.0,2
196,Accelerated Education,Instructional Leadership,A Foundation  (effective ,Social Emotional Learning,106925.14398999998,1.4,2
197,Accelerated Education,Instructional Leadership,Apprenticeship,Early Childhood,40767.7391778,0.5,1
198,Accelerated Education,Instructional Leadership,"ESEA, Title II, Part A - Teacher and Principal Training and Recruiting",Assoc Superintendent-Area  Elementary ,73415.8284525,1.6,2
199,Accelerated Education,Instructional Leadership,"ESEA, Title II, Part A - Teacher and Principal Training and Recruiting",Campus and District Accountability,40184.6416928,0.5,1
200,Accelerated Education,Instructional Leadership,"ESEA, Title II, Part A - Teacher and Principal Training and Recruiting",Educator Quality ,-1.53,0.0,1
201,Accelerated Education,Instructional Leadership,"ESEA, Title II, Part A - Teacher and Principal Training and Recruiting",State/Federal Compliance & Accountability,85414.79673967,1.0,12
202,Accelerated Education,Instructional Leadership,Esea Title Ii Part A Teacher & Principal Training,Unallocated,135499.827778829,1.0,21
203,Accelerated Education,Instructional Leadership,General Fund,Assoc Superintendent-Area ,609617.5949731,1.0,2
204,Accelerated Education,Instructional Leadership,General Fund,College Readiness,6297.22,0.0,2
205,Accelerated Education,Instructional Leadership,General Fund,Early Childhood,-0.13,0.0,1
206,Accelerated Education,Instructional Leadership,General Fund,English,524.490856523,0.0,1
207,Accelerated Education,Instructional Leadership,General Fund,Learning Support Services,49488.749934,1.0,2
208,Accelerated Education,Instructional Leadership,General Fund,School Turnaround Initiative,130729.98422293001,1.625,13
209,Accelerated Education,Instructional Leadership,General Fund,"School, Family and Community Education",268196.33452572,3.0,9
210,Accelerated Education,Instructional Leadership,General Fund,Secondary Blue Print and High School Redesign Office,480.46411847999997,0.0,2
211,Accelerated Education,Instructional Leadership,General Fund,Special Education,-0.26,0.0,1
212,Accelerated Education,Instructional Leadership,General Fund,State/Federal Compliance & Accountability,852136.0235327,0.0,8
213,Accelerated Education,Instructional Leadership,General Fund,Summer School,59356.606756,0.0,6
214,Accelerated Education,Instructional Leadership,Literacy Initiative (Effective ,Early Childhood,153577.4156414,2.0,2
215,Accelerated Education,Instructional Leadership,Literacy Initiative (Effective ,English,387852.5907584999,5.0,7
216,Accelerated Education,Instructional Leadership,Social Emotional Learning (SEL) Beginning ,Social Emotional Learning,188597.5702814,2.0,6
217,Accelerated Education,Instructional Leadership,Title I- Part A,Assoc Superintendent-Area ,174336.7633714,2.0,2
218,Accelerated Education,Instructional Leadership,Title I- Part A,Bilingual / ESL,88397.2370398,0.86,2
219,Accelerated Education,Instructional Leadership,Title I- Part A,Campus and District Accountability,40186.88169280001,0.5,2
220,Accelerated Education,Instructional Leadership,Title I- Part A,Core Curriculum,-0.58,0.0,1
221,Accelerated Education,Instructional Leadership,Title I- Part A,Early Childhood,29632.7777978,0.5,1
222,Accelerated Education,Instructional Leadership,Title I- Part A,State/Federal Compliance & Accountability,1241959.48550082,7.4041,52
223,Accelerated Education,Instructional Leadership,Title I- Part D ,State/Federal Compliance & Accountability,73462.35598955001,1.95,12
224,Accelerated Education,Other, Century Community Learning,School ,48640.94,0.0,24
225,Accelerated Education,Other,"""Title  Part A ARRA",Administration - No Description Provided,-0.10000000000000009,0.0,4
226,Accelerated Education,Other,"""Title  Part A Improving Basic Programs""",Administration - No Description Provided,234974.97278772068,4.86,52
227,Accelerated Education,Other,"""Title  Part A Improving Basic Programs""",Undistributed,9925.69,0.0,1
228,Accelerated Education,Other,"""Title  Part C - Migrant""",Administration - No Description Provided,2902.748157782402,0.05,32
229,Accelerated Education,Other,"""Title  Part C - Migrant""",School ,14778.07,0.0,34
230,Accelerated Education,Other,"""Title  Part C - Migrant""",Undistributed,25826.42,0.0,1
231,Accelerated Education,Other,"""Title II, Part D",Administration - No Description Provided,-0.73,0.0,4
232,Accelerated Education,Other,Apprenticeship,Community Education-South,38813.9114083,0.67,1
233,Accelerated Education,Other,Capital Fund For Educ Inc.,"School, Family and Community Education",68418.0840657,1.0,1
234,Accelerated Education,Other,"ESEA, Title II, Part A - Teacher and Principal Training and Recruiting",Educational Support Services,51658.6402357,1.0,2
235,Accelerated Education,Other,"ESEA, Title II, Part A - Teacher and Principal Training and Recruiting",Human Resources,236772.6376714,2.0,14
236,Accelerated Education,Other,"ESEA, Title II, Part A - Teacher and Principal Training and Recruiting",Management Info System,71462.9972757,1.0,1
237,Accelerated Education,Other,Esea Title Ii Part A Teacher & Principal Training,Administration - No Description Provided,14749.426495327201,0.18,11
238,Accelerated Education,Other,Esea Title Ii Part A Teacher & Principal Training,Undistributed,299.79,0.0,1
239,Accelerated Education,Other,General Fund,Assoc Superintendent-High Schools,499999.93,0.0,2
240,Accelerated Education,Other,General Fund,Budget,32772.5735327,0.0,1
241,Accelerated Education,Other,General Fund,Educational Support Services,390735.957395446,2.0,26
242,Accelerated Education,Other,General Fund,Health Services,3115201.75,0.0,1
243,Accelerated Education,Other,General Fund,Learning Support Services,2209162.252948362,26.2,104
244,Accelerated Education,Other,General Fund,Library Media Center,0.26,0.0,1
245,Accelerated Education,Other,General Fund,Management Info System,69849.09454935999,1.0,3
246,Accelerated Education,Other,General Fund,Prekindergarten Demonstration School,55800.456539,1.0,2
247,Accelerated Education,Other,General Fund,Program ABC,80649.95795566999,1.0,3
248,Accelerated Education,Other,General Fund,School ,780481.740097695,16.0,78
249,Accelerated Education,Other,General Fund,"School, Family and Community Education",405583.395357602,4.83,16
250,Accelerated Education,Other,General Fund,Summer School,38887.09643526,0.0,12
251,Accelerated Education,Other,Intensive Reading Instruction Initiative Grant,Administration - No Description Provided,75.6,0.0,2
252,Accelerated Education,Other,Safe School/Healthy Students Grant - effective ,Educational Support Services,118547.171856,1.0,1
253,Accelerated Education,Other,Safe School/Healthy Students Grant - effective ,Learning Support Services,40909.8743943,0.4,1
254,Accelerated Education,Other,Title I- Part A,Health Services,46034.950514519995,1.25,3
255,Accelerated Education,Other,Title I- Part A,Human Resources,51887.2623956,1.0,9
256,Accelerated Education,Other,Title I- Part A,Learning Support Services,0.86,0.0,1
257,Accelerated Education,Other,Title I- Part A,Office of Planning and Community Relations,160432.87972120004,2.0,6
258,Accelerated Education,Other,Title I- Part A,"School, Family and Community Education",57448.0375957,1.0,1
259,Accelerated Education,Other,Title I- Part A,State/Federal Compliance & Accountability,713282.1316751001,0.2,4
260,Accelerated Education,Other,Title I- Part D ,County Day School,-0.09,0.0,1
261,Accelerated Education,Other,Title I- Part D ,County Detention Center,0.19,0.0,1
262,Accelerated Education,Other,Title I- Part D ,House,-0.2,0.0,1
263,Accelerated Education,Other,Title I- Part D ,Leadership Academy,-0.93,0.0,1
264,Accelerated Education,Other,Title I- Part D ,State/Federal Compliance & Accountability,53121.1767005,0.8,1
265,Accelerated Education,Other,Title Ii Part D Subpart  Enhancing Education Thro,Administration - No Description Provided,-0.82,0.0,5
266,Accelerated Education,Other,Title Iv Part A Safe & Drug Free Schools,Administration - No Description Provided,0.09000000000000002,0.0,4
267,Accelerated Education,Plant Maintenance & Operations, Century Community Learning,School ,29570.112999999998,0.0,16
268,Accelerated Education,Plant Maintenance & Operations,English Literacy Civics,School ,0.72,0.0,1
269,Accelerated Education,Plant Maintenance & Operations,General Fund,County Day School,1500.92,0.0,1
270,Accelerated Education,Plant Maintenance & Operations,General Fund,Program ABC,0.2,0.0,1
271,Accelerated Education,Plant Maintenance & Operations,General Fund,School ,0.31,0.0,1
272,Accelerated Education,Plant Maintenance & Operations,General Fund,"School, Family and Community Education",-0.53,0.0,1
273,Accelerated Education,Plant Maintenance & Operations,General Fund,Summer School,61283.97539122999,0.0,10
274,Accelerated Education,School Leadership,"""Title  Part A Improving Basic Programs""",School ,2773.42,0.0,2
275,Accelerated Education,School Leadership,"""Title  Part A Improving Basic Programs""",Undistributed,2240.36,0.0,1
276,Accelerated Education,School Leadership,"ESEA, Title II, Part A - Teacher and Principal Training and Recruiting",ABD,4596.36,0.0,2
277,Accelerated Education,School Leadership,"ESEA, Title II, Part A - Teacher and Principal Training and Recruiting",School ,50553.61,0.0,22
278,Accelerated Education,School Leadership,Esea Title Ii Part A Teacher & Principal Training,School ,4754.16,0.0,2
279,Accelerated Education,School Leadership,Esea Title Ii Part A Teacher & Principal Training,Undistributed,55158.01,0.0,3
280,Accelerated Education,School Leadership,General Fund,County Day School,668.8225105189999,0.0,1
281,Accelerated Education,School Leadership,General Fund,County Detention Center,37692.39552117001,1.0,3
282,Accelerated Education,School Leadership,General Fund,Graduation Pathways,-0.3,0.0,2
283,Accelerated Education,School Leadership,General Fund,Hospital,-0.82,0.0,1
284,Accelerated Education,School Leadership,General Fund,House,37885.495601359995,1.0,2
285,Accelerated Education,School Leadership,General Fund,Leadership Academy,36639.04171582,1.0,3
286,Accelerated Education,School Leadership,General Fund,Prekindergarten Demonstration School,186836.08976791397,2.0,8
287,Accelerated Education,School Leadership,General Fund,School ,670423.070449956,7.0,67
288,Accelerated Education,School Leadership,General Fund,Summer School,206227.50581415,0.0,19
289,Accelerated Education,School Leadership,Intensive Reading Instruction Initiative Grant,School ,2205.17,0.0,1
290,Accelerated Education,School Leadership,Smaller Learning Communities ,School ,80284.4670957,1.0,1
291,Accelerated Education,School Leadership,Title I- Part D ,County Day School,0.24,0.0,2
292,Accelerated Education,School Leadership,Title I- Part D ,County Detention Center,-0.22,0.0,2
293,Accelerated Education,School Leadership,Title I- Part D ,House,0.35,0.0,1
294,Accelerated Education,School Leadership,Title I- Part D ,Leadership Academy,1.06,0.0,2
295,COMMUNITY SERVICE,NON-PROJECT,,ALTERNATIVE ED / CONSTITUENCY,29660.5085976,0.58291399841,5
296,COMMUNITY SERVICE,NON-PROJECT,,DISTRICT COMMUNITY RELATIONS,10273.10773245,0.201662426614,3
297,COMMUNITY SERVICE,NON-PROJECT,,,8346.19034527,0.1775881606466,8
298,COMMUNITY SERVICE,Other,,ALL SCHOOLS-UNDISTRIBUTED,53185.73579665,1.545037363773,32
299,COMMUNITY SERVICE,Other,,ALTERNATIVE ED / CONSTITUENCY,287413.69119994,3.3124217732345,75
300,COMMUNITY SERVICE,Other,,COMMUNITY EDUCATION,1667198.5447902537,37.77269423443312,331
301,COMMUNITY SERVICE,Other,,COMMUNITY USE OF FACILITIES,335399.72107616,4.0123165179676,132
302,COMMUNITY SERVICE,Other,,DISTRICT COMMUNITY RELATIONS,640435.576127706,4.46124880377503,145
303,COMMUNITY SERVICE,Other,,EARLY CHILDHOOD EDUCATION,250455.74346773,3.213839531612,59
304,COMMUNITY SERVICE,Other,,ED RESOURCE SERVICES,21599.97,0.0,1
305,COMMUNITY SERVICE,Other,,FEDERAL PROGRAMS/EXTERNAL RESO,47704.2809299,1.141304988117,8
306,COMMUNITY SERVICE,Other,,ITEMGH ELEMENTARY,24.95,0.0,1
307,COMMUNITY SERVICE,Other,,SCHOOL CHOICE,90778.2251415,0.5,7
308,COMMUNITY SERVICE,Other,,SCHOOL/COMMUNITY PARTNERSHIPS,114999.39,0.0,1
309,COMMUNITY SERVICE,Other,,SPECIAL EDUCATION,129176.6702526,2.396010495724,20
310,COMMUNITY SERVICE,Other,,TEACHER EFFECTIVENESS,9116.792070819998,0.0806451612903,4
311,COMMUNITY SERVICE,Other,,,2336110.763533695,77.38959806892314,791
312,COMMUNITY SERVICE,TITLE I,,ALTERNATIVE ED / CONSTITUENCY,167288.4900381,0.886231667948,12
313,COMMUNITY SERVICE,TITLE I,,CHARTER SCHOOL,2300.69,0.0,1
314,COMMUNITY SERVICE,TITLE I,,COMMUNITY ,6253.0199999999995,0.0,2
315,COMMUNITY SERVICE,TITLE I,,ENVISION SCHOOLS COLORADO HS,1057.95,0.0,1
316,COMMUNITY SERVICE,TITLE I,,FEDERAL PROG-PRIVATE SCHOOL,498.16999999999996,0.0,2
317,COMMUNITY SERVICE,TITLE I,,FEDERAL PROG-PRIVATE SCHOOLS,2073.03,0.0,4
318,COMMUNITY SERVICE,TITLE I,,FEDERAL PROGRAMS/EXTERNAL RESO,33586.3709126081,0.2199315775646598,56
319,COMMUNITY SERVICE,TITLE I,,LEARNING PARTNERSHIP,795.53,0.0,3
320,COMMUNITY SERVICE,TITLE I,,TITLE I - EDUCATIONAL OUTREACH,179024.2067513,3.273497108929,19
321,COMMUNITY SERVICE,TITLE I,,,313637.1847761915,3.22932177018144,295
322,COMMUNITY SERVICE,TITLE I A - ARRA,,ALTERNATIVE ED / CONSTITUENCY,341104.46025909996,6.0694781914179,52
323,COMMUNITY SERVICE,TITLE I A - ARRA,,CHARTER SCHOOL,1200.61,0.0,1
324,COMMUNITY SERVICE,TITLE I A - ARRA,,COMMUNITY ,1200.28,0.0,1
325,COMMUNITY SERVICE,TITLE I A - ARRA,,ENVISION SCHOOLS COLORADO HS,411.63,0.0,1
326,COMMUNITY SERVICE,TITLE I A - ARRA,,FEDERAL PROG-PRIVATE SCHOOL,150.39,0.0,1
327,COMMUNITY SERVICE,TITLE I A - ARRA,,FEDERAL PROGRAMS/EXTERNAL RESO,20974.690000000002,0.0,7
328,COMMUNITY SERVICE,TITLE I A - ARRA,,LEARNING PARTNERSHIP,475.5,0.0,2
329,COMMUNITY SERVICE,TITLE I A - ARRA,,TITLE I - EDUCATIONAL OUTREACH,43714.381277,0.8199995107629999,4
330,COMMUNITY SERVICE,TITLE I A - ARRA,,,64979.4476654427,0.81725762599055,95
331,EMPLOYEE BENEFITS,EMPLOYEE RETIREMENT,,ACCOUNTS PAYABLE,4073.0300000000007,0.0,9
332,EMPLOYEE BENEFITS,EMPLOYEE RETIREMENT,,ADMISSIONS AND STUDENT RECORDS,8226.03,0.0,18
333,EMPLOYEE BENEFITS,EMPLOYEE RETIREMENT,,ALL SCHOOLS-UNDISTRIBUTED,14091.960000000001,0.0,54
334,EMPLOYEE BENEFITS,EMPLOYEE RETIREMENT,,ALTERNATIVE ED / CONSTITUENCY,9022.59,0.0,16
335,EMPLOYEE BENEFITS,EMPLOYEE RETIREMENT,,ASSESSMENT & RESEARCH,19043.3,0.0,62
336,EMPLOYEE BENEFITS,EMPLOYEE RETIREMENT,,ATHLETICS & STUDENT ACTIVITIES,10414.13,0.0,126
337,EMPLOYEE BENEFITS,EMPLOYEE RETIREMENT,,BOARD OF EDUCATION,673.5999999999998,0.0,1
338,EMPLOYEE BENEFITS,EMPLOYEE RETIREMENT,,BUDGETARY SERVICES,18976.04,0.0,30
339,EMPLOYEE BENEFITS,EMPLOYEE RETIREMENT,,CHARTER SCHOOL,1351.7,0.0,5
340,EMPLOYEE BENEFITS,EMPLOYEE RETIREMENT,,CHIEF ACADEMIC OFFICER,9805.99,0.0,8
341,EMPLOYEE BENEFITS,EMPLOYEE RETIREMENT,,CHIEF OPERATING OFFICER,33057.24,0.0,44
342,EMPLOYEE BENEFITS,EMPLOYEE RETIREMENT,,COMMUNITY EDUCATION,11412.26,0.0,40
343,EMPLOYEE BENEFITS,EMPLOYEE RETIREMENT,,COMMUNITY USE OF FACILITIES,2037.53,0.0,4
344,EMPLOYEE BENEFITS,EMPLOYEE RETIREMENT,,CONSTRUCTION SERVICES,43278.45,0.0,71
345,EMPLOYEE BENEFITS,EMPLOYEE RETIREMENT,,CUSTOMER RELATIONS MANAGEMENT,22634.98,0.0,30
346,EMPLOYEE BENEFITS,EMPLOYEE RETIREMENT,,DISBURSING,1956.73,0.0,4
347,EMPLOYEE BENEFITS,EMPLOYEE RETIREMENT,,DISTRICT COMMUNITY RELATIONS,8611.39,0.0,30
348,EMPLOYEE BENEFITS,EMPLOYEE RETIREMENT,,DISTRICT WIDE ORGANIZATION UNI,1283.93,0.0,20
349,EMPLOYEE BENEFITS,EMPLOYEE RETIREMENT,,EARLY CHILDHOOD EDUCATION,20881.21,0.0,71
350,EMPLOYEE BENEFITS,EMPLOYEE RETIREMENT,,EAST PREP KITCHEN,634.31,0.0,1
351,EMPLOYEE BENEFITS,EMPLOYEE RETIREMENT,,ED RESOURCE SERVICES,8909.789999999999,0.0,19
352,EMPLOYEE BENEFITS,EMPLOYEE RETIREMENT,,EDUCATIONAL SERVICES,321.5200000000001,0.0,1
353,EMPLOYEE BENEFITS,EMPLOYEE RETIREMENT,,ELEMENTARY EDUCATION,86742.56,0.0,116
354,EMPLOYEE BENEFITS,EMPLOYEE RETIREMENT,,EMPLOYEE BENEFITS,5943.15,0.0,9
355,EMPLOYEE BENEFITS,EMPLOYEE RETIREMENT,,ENGLISH FOR SPEAKERS OF OTHER,9114.1,0.0,14
356,EMPLOYEE BENEFITS,EMPLOYEE RETIREMENT,,ENTERPRISE PRODUCT MANAGEMENT,3693.4100000000003,0.0,4
357,EMPLOYEE BENEFITS,EMPLOYEE RETIREMENT,,ES TEAM ,38960.41,0.0,90
358,EMPLOYEE BENEFITS,EMPLOYEE RETIREMENT,,FACILITY SERVICES,9696.98,0.0,14
359,EMPLOYEE BENEFITS,EMPLOYEE RETIREMENT,,FEDERAL PROG-DELINQ INSTITUT,955.76,0.0,1
360,EMPLOYEE BENEFITS,EMPLOYEE RETIREMENT,,FEDERAL PROG-INSTITUTIONS NEG,1846.52,0.0,3
361,EMPLOYEE BENEFITS,EMPLOYEE RETIREMENT,,FEDERAL PROG-PRIVATE SCHOOL,5156.1900000000005,0.0,14
362,EMPLOYEE BENEFITS,EMPLOYEE RETIREMENT,,FEDERAL PROG-PRIVATE SCHOOLS,1270.91,0.0,7
363,EMPLOYEE BENEFITS,EMPLOYEE RETIREMENT,,FEDERAL PROGRAMS/EXTERNAL RESO,15726.44,0.0,25
364,EMPLOYEE BENEFITS,EMPLOYEE RETIREMENT,,FOOD AND NUTRITION SERVICES,28279.03,0.0,78
365,EMPLOYEE BENEFITS,EMPLOYEE RETIREMENT,,GARAGE,68291.81,0.0,273
366,EMPLOYEE BENEFITS,EMPLOYEE RETIREMENT,,GED-GRADUATION EQUIVALENT DIPL,157.95999999999998,0.0,2
367,EMPLOYEE BENEFITS,EMPLOYEE RETIREMENT,,GENERAL LEDGER ACCOUNTING,10380.13,0.0,18
368,EMPLOYEE BENEFITS,EMPLOYEE RETIREMENT,,GIFTED AND TALENTED,14841.49,0.0,31
369,EMPLOYEE BENEFITS,EMPLOYEE RETIREMENT,,HIGH SCHOOL EDUCATION,6337.679999999999,0.0,33
370,EMPLOYEE BENEFITS,EMPLOYEE RETIREMENT,,HS TEAM ,7117.349999999999,0.0,7
371,EMPLOYEE BENEFITS,EMPLOYEE RETIREMENT,,HUMAN RESOURCES,39373.01,0.0,102
372,EMPLOYEE BENEFITS,EMPLOYEE RETIREMENT,,HUMANITIES,11488.42,0.0,35
373,EMPLOYEE BENEFITS,EMPLOYEE RETIREMENT,,INSTRUCTIONAL NETWORKS,695.4300000000001,0.0,2
374,EMPLOYEE BENEFITS,EMPLOYEE RETIREMENT,,INTENTIONAL SCHOOL CULTURE,2100.4300000000003,0.0,2
375,EMPLOYEE BENEFITS,EMPLOYEE RETIREMENT,,INTERDISCIPLINARY,4932.7,0.0,12
376,EMPLOYEE BENEFITS,EMPLOYEE RETIREMENT,,INTERNAL AUDITOR,2953.46,0.0,4
377,EMPLOYEE BENEFITS,EMPLOYEE RETIREMENT,,IST - SYSTEMS SUPPORT,40088.65,0.0,42
378,EMPLOYEE BENEFITS,EMPLOYEE RETIREMENT,,ITEMGA OUTDOOR EDUCATION,4022.53,0.0,12
379,EMPLOYEE BENEFITS,EMPLOYEE RETIREMENT,,ITEMGH ELEMENTARY,660.39,0.0,2
380,EMPLOYEE BENEFITS,EMPLOYEE RETIREMENT,,"KIDS, INC",5133.06,0.0,7
381,EMPLOYEE BENEFITS,EMPLOYEE RETIREMENT,,LEADERSHIP DEVELOPMENT,12731.7,0.0,18
382,EMPLOYEE BENEFITS,EMPLOYEE RETIREMENT,,MAINTENANCE,79949.74,0.0,179
383,EMPLOYEE BENEFITS,EMPLOYEE RETIREMENT,,MANUAL COMPLEX,1896.8300000000002,0.0,7
384,EMPLOYEE BENEFITS,EMPLOYEE RETIREMENT,,MATERIALS MANAGEMENT,5992.05,0.0,11
385,EMPLOYEE BENEFITS,EMPLOYEE RETIREMENT,,MATH / SCIENCE,11264.31,0.0,16
386,EMPLOYEE BENEFITS,EMPLOYEE RETIREMENT,,MIDDLE SCHOOL EDUCATION,5153.87,0.0,32
387,EMPLOYEE BENEFITS,EMPLOYEE RETIREMENT,,MILITARY SCIENCE EDUCATION,3894.53,0.0,5
388,EMPLOYEE BENEFITS,EMPLOYEE RETIREMENT,,MS TEAM ,10890.76,0.0,10
389,EMPLOYEE BENEFITS,EMPLOYEE RETIREMENT,,MULTILINGUAL OUTREACH,4295.389999999999,0.0,17
390,EMPLOYEE BENEFITS,EMPLOYEE RETIREMENT,,NIGHT HS,1018.73,0.0,11
391,EMPLOYEE BENEFITS,EMPLOYEE RETIREMENT,,ONLINE SCHOOL,6015.2,0.0,7
392,EMPLOYEE BENEFITS,EMPLOYEE RETIREMENT,,OPERATIONS,3838.2499999999995,0.0,7
393,EMPLOYEE BENEFITS,EMPLOYEE RETIREMENT,,OPPORTUNITY SCHOOL,106950.58,0.0,375
394,EMPLOYEE BENEFITS,EMPLOYEE RETIREMENT,,PAYROLL,8283.65,0.0,21
395,EMPLOYEE BENEFITS,EMPLOYEE RETIREMENT,,PERSONNEL-PAID LEAVE,21848.62,0.0,41
396,EMPLOYEE BENEFITS,EMPLOYEE RETIREMENT,,PLANNING AND INNOVATION,5676.45,0.0,11
397,EMPLOYEE BENEFITS,EMPLOYEE RETIREMENT,,PSYCHOLOGICAL SERVICES,20072.83,0.0,31
398,EMPLOYEE BENEFITS,EMPLOYEE RETIREMENT,,PUBLIC INFORMATION AND SERVICE,5686.22,0.0,9
399,EMPLOYEE BENEFITS,EMPLOYEE RETIREMENT,,REGISTRAR,3827.2,0.0,15
400,EMPLOYEE BENEFITS,EMPLOYEE RETIREMENT,,SAFETY AND SECURITY,23844.07,0.0,52
401,EMPLOYEE BENEFITS,EMPLOYEE RETIREMENT,,SCHOOL ATTORNEY,5756.170000000001,0.0,6
402,EMPLOYEE BENEFITS,EMPLOYEE RETIREMENT,,SCHOOL CHOICE,11186.5,0.0,17
403,EMPLOYEE BENEFITS,EMPLOYEE RETIREMENT,,SCHOOL NURSE SERVICES,23165.25,0.0,50
404,EMPLOYEE BENEFITS,EMPLOYEE RETIREMENT,,SCHOOL/COMMUNITY PARTNERSHIPS,1786.5,0.0,3
405,EMPLOYEE BENEFITS,EMPLOYEE RETIREMENT,,SECONDARY PATHWAYS,9401.12,0.0,14
406,EMPLOYEE BENEFITS,EMPLOYEE RETIREMENT,,SERVICE BUILDING,836.64,0.0,4
407,EMPLOYEE BENEFITS,EMPLOYEE RETIREMENT,,SOCIAL WORK SERVICES,20140.67,0.0,28
408,EMPLOYEE BENEFITS,EMPLOYEE RETIREMENT,,SPECIAL EDUCATION,213053.26,0.0,317
409,EMPLOYEE BENEFITS,EMPLOYEE RETIREMENT,,STRATEGY OFFICE,7641.91,0.0,13
410,EMPLOYEE BENEFITS,EMPLOYEE RETIREMENT,,SUMMER SCHOOL - ELEMENTARY SCH,2179.8,0.0,4
411,EMPLOYEE BENEFITS,EMPLOYEE RETIREMENT,,SUMMER SCHOOL - HIGH SCHOOLS,2592.76,0.0,5
412,EMPLOYEE BENEFITS,EMPLOYEE RETIREMENT,,SUPERINTENDENT OF SCHOOLS,7652.469999999999,0.0,6
413,EMPLOYEE BENEFITS,EMPLOYEE RETIREMENT,,TEACHER EFFECTIVENESS,15030.14,0.0,23
414,EMPLOYEE BENEFITS,EMPLOYEE RETIREMENT,,TEACHER LEARNING & LEADERSHIP,17229.940000000002,0.0,30
415,EMPLOYEE BENEFITS,EMPLOYEE RETIREMENT,,TEACHER PERFORMANCE ASSESSMENT,490.95000000000005,0.0,4
416,EMPLOYEE BENEFITS,EMPLOYEE RETIREMENT,,TECHNOLOGY ENTERPRISE APPS,27086.170000000002,0.0,27
417,EMPLOYEE BENEFITS,EMPLOYEE RETIREMENT,,TITLE I - EDUCATIONAL OUTREACH,3028.97,0.0,8
418,EMPLOYEE BENEFITS,EMPLOYEE RETIREMENT,,TRANSPORTATION,46344.44,0.0,121
419,EMPLOYEE BENEFITS,EMPLOYEE RETIREMENT,,WAREHOUSE OPERATIONS,5619.13,0.0,15
420,EMPLOYEE BENEFITS,EMPLOYEE RETIREMENT,,,4855884.11,0.0,10543
421,EMPLOYEE BENEFITS,NON-PROJECT,,ACCOUNTS PAYABLE,-7445.51,0.0,15
422,EMPLOYEE BENEFITS,NON-PROJECT,,ADMISSIONS AND STUDENT RECORDS,-12620.04,0.0,32
423,EMPLOYEE BENEFITS,NON-PROJECT,,ALL SCHOOLS-UNDISTRIBUTED,-19448.600000000002,0.0,82
424,EMPLOYEE BENEFITS,NON-PROJECT,,ALTERNATIVE ED / CONSTITUENCY,-14822.48,0.0,29
425,EMPLOYEE BENEFITS,NON-PROJECT,,ASSESSMENT & RESEARCH,-23327.19,0.0,81
426,EMPLOYEE BENEFITS,NON-PROJECT,,ATHLETICS & STUDENT ACTIVITIES,-4626.41,0.0,68
427,EMPLOYEE BENEFITS,NON-PROJECT,,BOARD OF EDUCATION,-1547.0699999999997,0.0,2
428,EMPLOYEE BENEFITS,NON-PROJECT,,BUDGETARY SERVICES,-26011.49,0.0,62
429,EMPLOYEE BENEFITS,NON-PROJECT,,CHARTER SCHOOL,-1453.1800000000003,0.0,8
430,EMPLOYEE BENEFITS,NON-PROJECT,,CHIEF ACADEMIC OFFICER,-11104.74,0.0,17
431,EMPLOYEE BENEFITS,NON-PROJECT,,CHIEF OPERATING OFFICER,-42253.57,0.0,84
432,EMPLOYEE BENEFITS,NON-PROJECT,,COMMUNITY EDUCATION,-15138.449999999999,0.0,57
433,EMPLOYEE BENEFITS,NON-PROJECT,,COMMUNITY USE OF FACILITIES,-3376.6200000000003,0.0,11
434,EMPLOYEE BENEFITS,NON-PROJECT,,CONSTRUCTION SERVICES,-60248.09,0.0,127
435,EMPLOYEE BENEFITS,NON-PROJECT,,CUSTOMER RELATIONS MANAGEMENT,-36976.0,0.0,58
436,EMPLOYEE BENEFITS,NON-PROJECT,,DISBURSING,-3829.13,0.0,7
437,EMPLOYEE BENEFITS,NON-PROJECT,,DISTRICT COMMUNITY RELATIONS,-9920.12,0.0,23
438,EMPLOYEE BENEFITS,NON-PROJECT,,DISTRICT WIDE ORGANIZATION UNI,-957.4,0.0,29
439,EMPLOYEE BENEFITS,NON-PROJECT,,EARLY CHILDHOOD EDUCATION,-31700.739999999998,0.0,73
440,EMPLOYEE BENEFITS,NON-PROJECT,,EAST PREP KITCHEN,-440.89,0.0,2
441,EMPLOYEE BENEFITS,NON-PROJECT,,ED RESOURCE SERVICES,-13289.189999999999,0.0,31
442,EMPLOYEE BENEFITS,NON-PROJECT,,EDUCATIONAL SERVICES,-139.91,0.0,1
443,EMPLOYEE BENEFITS,NON-PROJECT,,ELEMENTARY EDUCATION,-115745.24,0.0,224
444,EMPLOYEE BENEFITS,NON-PROJECT,,EMPLOYEE BENEFITS,-7305.37,0.0,20
445,EMPLOYEE BENEFITS,NON-PROJECT,,ENGLISH FOR SPEAKERS OF OTHER,-16133.59,0.0,26
446,EMPLOYEE BENEFITS,NON-PROJECT,,ENTERPRISE PRODUCT MANAGEMENT,-4186.96,0.0,7
447,EMPLOYEE BENEFITS,NON-PROJECT,,ES TEAM ,-45070.340000000004,0.0,132
448,EMPLOYEE BENEFITS,NON-PROJECT,,FACILITY SERVICES,-13304.42,0.0,27
449,EMPLOYEE BENEFITS,NON-PROJECT,,FEDERAL PROG-DELINQ INSTITUT,-909.27,0.0,2
450,EMPLOYEE BENEFITS,NON-PROJECT,,FEDERAL PROG-INSTITUTIONS NEG,-2584.8,0.0,6
451,EMPLOYEE BENEFITS,NON-PROJECT,,FEDERAL PROG-PRIVATE SCHOOL,-3989.4,0.0,18
452,EMPLOYEE BENEFITS,NON-PROJECT,,FEDERAL PROG-PRIVATE SCHOOLS,-608.52,0.0,7
453,EMPLOYEE BENEFITS,NON-PROJECT,,FEDERAL PROGRAMS/EXTERNAL RESO,-23956.47,0.0,54
454,EMPLOYEE BENEFITS,NON-PROJECT,,FOOD AND NUTRITION SERVICES,-44024.16,0.0,131
455,EMPLOYEE BENEFITS,NON-PROJECT,,GARAGE,-47248.55,0.0,340
456,EMPLOYEE BENEFITS,NON-PROJECT,,GENERAL LEDGER ACCOUNTING,-15663.42,0.0,36
457,EMPLOYEE BENEFITS,NON-PROJECT,,GIFTED AND TALENTED,-18649.97,0.0,43
458,EMPLOYEE BENEFITS,NON-PROJECT,,HIGH SCHOOL EDUCATION,-7819.99,0.0,16
459,EMPLOYEE BENEFITS,NON-PROJECT,,HS TEAM ,-8553.939999999999,0.0,16
460,EMPLOYEE BENEFITS,NON-PROJECT,,HUMAN RESOURCES,-54532.46,0.0,113
461,EMPLOYEE BENEFITS,NON-PROJECT,,HUMANITIES,-14841.68,0.0,48
462,EMPLOYEE BENEFITS,NON-PROJECT,,INSTRUCTIONAL NETWORKS,-472.96,0.0,3
463,EMPLOYEE BENEFITS,NON-PROJECT,,INTENTIONAL SCHOOL CULTURE,-3502.01,0.0,4
464,EMPLOYEE BENEFITS,NON-PROJECT,,INTERDISCIPLINARY,-6861.05,0.0,20
465,EMPLOYEE BENEFITS,NON-PROJECT,,INTERNAL AUDITOR,-5374.02,0.0,8
466,EMPLOYEE BENEFITS,NON-PROJECT,,IST - SYSTEMS SUPPORT,-57923.590000000004,0.0,87
467,EMPLOYEE BENEFITS,NON-PROJECT,,ITEMGA OUTDOOR EDUCATION,-6122.09,0.0,19
468,EMPLOYEE BENEFITS,NON-PROJECT,,ITEMGH ELEMENTARY,-57.449999999999996,0.0,2
469,EMPLOYEE BENEFITS,NON-PROJECT,,"KIDS, INC",-7862.45,0.0,13
470,EMPLOYEE BENEFITS,NON-PROJECT,,LEADERSHIP DEVELOPMENT,-17655.579999999998,0.0,36
471,EMPLOYEE BENEFITS,NON-PROJECT,,MAINTENANCE,-142184.94,0.0,308
472,EMPLOYEE BENEFITS,NON-PROJECT,,MANUAL COMPLEX,-4681.570000000001,0.0,13
473,EMPLOYEE BENEFITS,NON-PROJECT,,MATERIALS MANAGEMENT,-9892.61,0.0,20
474,EMPLOYEE BENEFITS,NON-PROJECT,,MATH / SCIENCE,-22433.45,0.0,31
475,EMPLOYEE BENEFITS,NON-PROJECT,,MIDDLE SCHOOL EDUCATION,-6276.46,0.0,15
476,EMPLOYEE BENEFITS,NON-PROJECT,,MILITARY SCIENCE EDUCATION,-5623.929999999999,0.0,9
477,EMPLOYEE BENEFITS,NON-PROJECT,,MS TEAM ,-14221.57,0.0,23
478,EMPLOYEE BENEFITS,NON-PROJECT,,MULTILINGUAL OUTREACH,-7789.7300000000005,0.0,25
479,EMPLOYEE BENEFITS,NON-PROJECT,,NIGHT HS,-139.60999999999999,0.0,7
480,EMPLOYEE BENEFITS,NON-PROJECT,,ONLINE SCHOOL,-8769.55,0.0,14
481,EMPLOYEE BENEFITS,NON-PROJECT,,OPERATIONS,-6388.01,0.0,13
482,EMPLOYEE BENEFITS,NON-PROJECT,,OPPORTUNITY SCHOOL,-164739.04,0.0,503
483,EMPLOYEE BENEFITS,NON-PROJECT,,PAYROLL,-13641.19,0.0,35
484,EMPLOYEE BENEFITS,NON-PROJECT,,PERSONNEL-PAID LEAVE,-36251.94,0.0,109
485,EMPLOYEE BENEFITS,NON-PROJECT,,PLANNING AND INNOVATION,-7231.599999999999,0.0,19
486,EMPLOYEE BENEFITS,NON-PROJECT,,PSYCHOLOGICAL SERVICES,-21007.989999999998,0.0,46
487,EMPLOYEE BENEFITS,NON-PROJECT,,PUBLIC INFORMATION AND SERVICE,-6588.34,0.0,13
488,EMPLOYEE BENEFITS,NON-PROJECT,,REGISTRAR,-3889.19,0.0,17
489,EMPLOYEE BENEFITS,NON-PROJECT,,SAFETY AND SECURITY,-37231.35,0.0,97
490,EMPLOYEE BENEFITS,NON-PROJECT,,SCHOOL ATTORNEY,-7723.87,0.0,12
491,EMPLOYEE BENEFITS,NON-PROJECT,,SCHOOL CHOICE,-14645.03,0.0,35
492,EMPLOYEE BENEFITS,NON-PROJECT,,SCHOOL NURSE SERVICES,-26882.92,0.0,83
493,EMPLOYEE BENEFITS,NON-PROJECT,,SCHOOL/COMMUNITY PARTNERSHIPS,-3708.9199999999996,0.0,4
494,EMPLOYEE BENEFITS,NON-PROJECT,,SECONDARY PATHWAYS,-12076.4,0.0,30
495,EMPLOYEE BENEFITS,NON-PROJECT,,SERVICE BUILDING,-1780.86,0.0,8
496,EMPLOYEE BENEFITS,NON-PROJECT,,SOCIAL WORK SERVICES,-27799.620000000003,0.0,53
497,EMPLOYEE BENEFITS,NON-PROJECT,,SPECIAL EDUCATION,-288428.83,0.0,585
498,EMPLOYEE BENEFITS,NON-PROJECT,,STRATEGY OFFICE,-6580.16,0.0,18
499,EMPLOYEE BENEFITS,NON-PROJECT,,SUMMER SCHOOL - ELEMENTARY SCH,-1808.28,0.0,6
500,EMPLOYEE BENEFITS,NON-PROJECT,,SUMMER SCHOOL - HIGH SCHOOLS,-2563.31,0.0,4
501,EMPLOYEE BENEFITS,NON-PROJECT,,SUPERINTENDENT OF SCHOOLS,-10288.39,0.0,12
502,EMPLOYEE BENEFITS,NON-PROJECT,,TEACHER EFFECTIVENESS,-20913.829999999998,0.0,40
503,EMPLOYEE BENEFITS,NON-PROJECT,,TEACHER LEARNING & LEADERSHIP,-20453.04,0.0,49
504,EMPLOYEE BENEFITS,NON-PROJECT,,TEACHER PERFORMANCE ASSESSMENT,-25.77,0.0,2
505,EMPLOYEE BENEFITS,NON-PROJECT,,TECHNOLOGY ENTERPRISE APPS,-34628.479999999996,0.0,54
506,EMPLOYEE BENEFITS,NON-PROJECT,,TITLE I - EDUCATIONAL OUTREACH,-3795.7,0.0,13
507,EMPLOYEE BENEFITS,NON-PROJECT,,TRANSPORTATION,-70305.06,0.0,220
508,EMPLOYEE BENEFITS,NON-PROJECT,,WAREHOUSE OPERATIONS,-11875.73,0.0,30
509,EMPLOYEE BENEFITS,NON-PROJECT,,,-5832033.73,0.0,15519
510,EMPLOYEE BENEFITS,Other,,BUDGETARY SERVICES,6330.87,0.0,1
511,EMPLOYEE BENEFITS,Other,,COMMUNITY USE OF FACILITIES,2226.79,0.0,1
512,EMPLOYEE BENEFITS,Other,,CONSTRUCTION SERVICES,10000.64,0.0,1
513,EMPLOYEE BENEFITS,Other,,EMPLOYEE BENEFITS,13510039.25,0.0,1
514,EMPLOYEE BENEFITS,Other,,EMPLOYEE RELATIONS,0.0,0.0,1
515,EMPLOYEE BENEFITS,Other,,FOOD AND NUTRITION SERVICES,5147.08,0.0,1
516,EMPLOYEE BENEFITS,Other,,GARAGE,212.41,0.0,1
517,EMPLOYEE BENEFITS,Other,,HIGH SCHOOL EDUCATION,19359.64,0.0,1
518,EMPLOYEE BENEFITS,Other,,HUMAN RESOURCES,2824.28,0.0,1
519,EMPLOYEE BENEFITS,Other,,INTERDISCIPLINARY,3535.11,0.0,3
520,EMPLOYEE BENEFITS,Other,,IST - SYSTEMS SUPPORT,20174.82,0.0,2
521,EMPLOYEE BENEFITS,Other,,MAINTENANCE,50348.659999999996,0.0,6
522,EMPLOYEE BENEFITS,Other,,MANUAL COMPLEX,7163.870000000001,0.0,1
523,EMPLOYEE BENEFITS,Other,,MATH / SCIENCE,15383.31,0.0,1
524,EMPLOYEE BENEFITS,Other,,MULTILINGUAL OUTREACH,12265.55,0.0,1
525,EMPLOYEE BENEFITS,Other,,OPPORTUNITY SCHOOL,69072.81999999999,0.0,5
526,EMPLOYEE BENEFITS,Other,,PERSONNEL-PAID LEAVE,14757.66,0.0,12
527,EMPLOYEE BENEFITS,Other,,SAFETY AND SECURITY,5351.0,0.0,1
528,EMPLOYEE BENEFITS,Other,,SCHOOL NURSE SERVICES,33942.380000000005,0.0,4
529,EMPLOYEE BENEFITS,Other,,SPECIAL EDUCATION,45318.61,0.0,6
530,EMPLOYEE BENEFITS,Other,,TEACHER LEARNING & LEADERSHIP,2790.2,0.0,1
531,EMPLOYEE BENEFITS,Other,,TECHNOLOGY ENTERPRISE APPS,19.71,0.0,1
532,EMPLOYEE BENEFITS,Other,,TRANSPORTATION,49703.77,0.0,8
533,EMPLOYEE BENEFITS,Other,,WAREHOUSE OPERATIONS,4547.0199999999995,0.0,2
534,EMPLOYEE BENEFITS,Other,,,947861.1299999999,0.0,164
535,GENERAL ELEMENTARY EDUCATION,NON-PROJECT,,CHARTER SCHOOL,1953591.4,0.0,1
536,GENERAL ELEMENTARY EDUCATION,NON-PROJECT,,ELEMENTARY EDUCATION,-2927907.9,0.0,3
537,GENERAL ELEMENTARY EDUCATION,NON-PROJECT,,ITEMGA OUTDOOR EDUCATION,311411.22208604997,5.256475074058,38
538,GENERAL ELEMENTARY EDUCATION,NON-PROJECT,,ITEMGH ELEMENTARY,3321.61189809,0.0564137772465,4
539,GENERAL ELEMENTARY EDUCATION,NON-PROJECT,,,25705957.746222854,311.83783084034303,4935
540,GENERAL ELEMENTARY EDUCATION,Other,,ALL SCHOOLS-UNDISTRIBUTED,232237.2088,0.0,8
541,GENERAL ELEMENTARY EDUCATION,Other,,CHARTER SCHOOL,200037.5,0.0,9
542,GENERAL ELEMENTARY EDUCATION,Other,,EARLY CHILDHOOD EDUCATION,193408.96457653047,0.17313709587837,19
543,GENERAL ELEMENTARY EDUCATION,Other,,ED RESOURCE SERVICES,281680.11912000005,0.0,27
544,GENERAL ELEMENTARY EDUCATION,Other,,ELEMENTARY EDUCATION,119061.41245745998,0.174047619048,124
545,GENERAL ELEMENTARY EDUCATION,Other,,ES TEAM ,482275.0660146156,26.49664482447873,267
546,GENERAL ELEMENTARY EDUCATION,Other,,INTENTIONAL SCHOOL CULTURE,1250.66,0.0,3
547,GENERAL ELEMENTARY EDUCATION,Other,,ITEMGH ELEMENTARY,2908.48189809,0.0564137772465,4
548,GENERAL ELEMENTARY EDUCATION,Other,,LANGUAGE SCHOOL,80946.5,0.0,2
549,GENERAL ELEMENTARY EDUCATION,Other,,,98565266.80070534,1544.2988386206503,27000
550,GENERAL ELEMENTARY EDUCATION,TITLE I,,CHARTER SCHOOL,23180.089999999997,0.0,2
551,GENERAL ELEMENTARY EDUCATION,TITLE I,,,7441096.542502794,138.06234676269463,1408
552,GENERAL ELEMENTARY EDUCATION,TITLE I A - ARRA,,ALL SCHOOLS-UNDISTRIBUTED,597149.95598125,0.0434782608696,266
553,GENERAL ELEMENTARY EDUCATION,TITLE I A - ARRA,,CHARTER SCHOOL,16825.190000000002,0.0,1
554,GENERAL ELEMENTARY EDUCATION,TITLE I A - ARRA,,HUMANITIES,199561.58,0.0,2
555,GENERAL ELEMENTARY EDUCATION,TITLE I A - ARRA,,,1476562.9428080444,31.37143388374266,462
556,GENERAL HIGH SCHOOL EDUCATION,NON-PROJECT,,GED-GRADUATION EQUIVALENT DIPL,4937.44,0.0,3
557,GENERAL HIGH SCHOOL EDUCATION,NON-PROJECT,,HIGH SCHOOL EDUCATION,-12163.910000000003,0.0,2
558,GENERAL HIGH SCHOOL EDUCATION,NON-PROJECT,,NIGHT HS,79205.014813226,1.40892382901042,41
559,GENERAL HIGH SCHOOL EDUCATION,NON-PROJECT,,ONLINE SCHOOL,447243.8753911,4.0078963062,39
560,GENERAL HIGH SCHOOL EDUCATION,NON-PROJECT,,VOCATIONAL/TECHNICAL SCHOOLS,6154.96,0.0,1
561,GENERAL HIGH SCHOOL EDUCATION,NON-PROJECT,,,60716100.48039675,561.712458318881,4499
562,GENERAL HIGH SCHOOL EDUCATION,Other,,ALL SCHOOLS-UNDISTRIBUTED,184881.81573275203,0.3072682826772999,15
563,GENERAL HIGH SCHOOL EDUCATION,Other,,ALTERNATIVE ED / CONSTITUENCY,5507.97,0.0,2
564,GENERAL HIGH SCHOOL EDUCATION,Other,,COMMUNITY ,12299.86,0.0,1
565,GENERAL HIGH SCHOOL EDUCATION,Other,,GED-GRADUATION EQUIVALENT DIPL,14864.3332425,0.254175829317,4
566,GENERAL HIGH SCHOOL EDUCATION,Other,,HIGH SCHOOL EDUCATION,24905.716221232044,0.09482730588281539,37
567,GENERAL HIGH SCHOOL EDUCATION,Other,,HS TEAM ,684478.8703200001,0.0,83
568,GENERAL HIGH SCHOOL EDUCATION,Other,,INTERDISCIPLINARY,47339.6693760841,0.0190452803966119,60
569,GENERAL HIGH SCHOOL EDUCATION,Other,,MILITARY SCIENCE EDUCATION,152077.24664,0.0,35
570,GENERAL HIGH SCHOOL EDUCATION,Other,,NIGHT HS,1194.13,0.0,3
571,GENERAL HIGH SCHOOL EDUCATION,Other,,ONLINE SCHOOL,15905.180479999999,0.0,10
572,GENERAL HIGH SCHOOL EDUCATION,Other,,OPPORTUNITY SCHOOL,2371429.607042368,18.94191077163657,215
573,GENERAL HIGH SCHOOL EDUCATION,Other,,SECONDARY PATHWAYS,15874.83,0.0,2
574,GENERAL HIGH SCHOOL EDUCATION,Other,,SUPERINTENDENT OF SCHOOLS,2359.140000000001,0.0,1
575,GENERAL HIGH SCHOOL EDUCATION,Other,,,21466947.06689251,265.671895220462,5420
576,GENERAL HIGH SCHOOL EDUCATION,TITLE I,,,1974774.7343126666,27.63203888435171,400
577,GENERAL HIGH SCHOOL EDUCATION,TITLE I A - ARRA,,COMMUNITY ,11452.7,0.0,1
578,GENERAL HIGH SCHOOL EDUCATION,TITLE I A - ARRA,,ENVISION SCHOOLS COLORADO HS,22544.64,0.0,2
579,GENERAL HIGH SCHOOL EDUCATION,TITLE I A - ARRA,,SUMMER SCHOOL - HIGH SCHOOLS,179994.10184000002,0.0,136
580,GENERAL HIGH SCHOOL EDUCATION,TITLE I A - ARRA,,,668177.802495411,7.964982354809,179
581,GENERAL K-8 EDUCATION,NON-PROJECT,,,11193490.925033297,164.00402673308952,1616
582,GENERAL K-8 EDUCATION,Other,,CHARTER SCHOOL,6390.44,0.0,1
583,GENERAL K-8 EDUCATION,Other,,ED RESOURCE SERVICES,92227.17336000002,0.0,13
584,GENERAL K-8 EDUCATION,Other,,ELEMENTARY EDUCATION,-3328.13,0.0,7
585,GENERAL K-8 EDUCATION,Other,,,26893941.342595376,392.3438467608683,4001
586,GENERAL K-8 EDUCATION,TITLE I,,,2397552.196807005,38.92285658025014,446
587,GENERAL K-8 EDUCATION,TITLE I A - ARRA,,,437583.4490987137,11.62929551270828,166
588,GENERAL MIDDLE/JUNIOR HIGH SCH,NON-PROJECT,,LEARNING PARTNERSHIP,1622067.45,0.0,1
589,GENERAL MIDDLE/JUNIOR HIGH SCH,NON-PROJECT,,MIDDLE SCHOOL EDUCATION,5578.889999999999,0.0,1
590,GENERAL MIDDLE/JUNIOR HIGH SCH,NON-PROJECT,,,23930644.101988155,259.3102735403472,2773
591,GENERAL MIDDLE/JUNIOR HIGH SCH,Other,,ALL SECONDARY SCHOOLS,5242.49,0.0,2
592,GENERAL MIDDLE/JUNIOR HIGH SCH,Other,,ENVISION SCHOOLS COLORADO HS,17120.35,0.0,4
593,GENERAL MIDDLE/JUNIOR HIGH SCH,Other,,LEARNING PARTNERSHIP,46642.49,0.0,6
594,GENERAL MIDDLE/JUNIOR HIGH SCH,Other,,MIDDLE SCHOOL EDUCATION,24608.588541905403,0.09698275862077,49
595,GENERAL MIDDLE/JUNIOR HIGH SCH,Other,,SECONDARY PATHWAYS,5647.879316529999,0.10749971064149999,9
596,GENERAL MIDDLE/JUNIOR HIGH SCH,Other,,,15162200.411908966,210.70210336862996,4219
597,GENERAL MIDDLE/JUNIOR HIGH SCH,TITLE I,,LEARNING PARTNERSHIP,44753.479999999996,0.0,2
598,GENERAL MIDDLE/JUNIOR HIGH SCH,TITLE I,,,2217323.981353502,30.984372966362642,366
599,GENERAL MIDDLE/JUNIOR HIGH SCH,TITLE I A - ARRA,,LEARNING PARTNERSHIP,19744.23,0.0,1
600,GENERAL MIDDLE/JUNIOR HIGH SCH,TITLE I A - ARRA,,SUMMER SCHOOL - MIDDLE SCHOOLS,68392.08176,0.0,34
601,GENERAL MIDDLE/JUNIOR HIGH SCH,TITLE I A - ARRA,,,519950.20680414553,6.815520019812585,140
602,INSTRUCTIONAL STAFF TRAINING,NON-PROJECT,,ALL SCHOOLS-UNDISTRIBUTED,117018.44,0.0,2
603,INSTRUCTIONAL STAFF TRAINING,NON-PROJECT,,ALTERNATIVE ED / CONSTITUENCY,1369.5500000000004,0.0,1
604,INSTRUCTIONAL STAFF TRAINING,NON-PROJECT,,ES TEAM ,36272.977594186996,0.0981071964018,71
605,INSTRUCTIONAL STAFF TRAINING,NON-PROJECT,,GED-GRADUATION EQUIVALENT DIPL,999.12,0.0,1
606,INSTRUCTIONAL STAFF TRAINING,NON-PROJECT,,HS TEAM ,6509.026,0.0,8
607,INSTRUCTIONAL STAFF TRAINING,NON-PROJECT,,HUMAN RESOURCES,30600.1502293125,0.050380632501299996,70
608,INSTRUCTIONAL STAFF TRAINING,NON-PROJECT,,HUMANITIES,210.83,0.0,1
609,INSTRUCTIONAL STAFF TRAINING,NON-PROJECT,,LEADERSHIP DEVELOPMENT,151315.69377,1.00001427665,22
610,INSTRUCTIONAL STAFF TRAINING,NON-PROJECT,,MS TEAM ,5117.64,0.0,5
611,INSTRUCTIONAL STAFF TRAINING,NON-PROJECT,,OPPORTUNITY SCHOOL,533.774606685,0.017241379310339998,4
612,INSTRUCTIONAL STAFF TRAINING,NON-PROJECT,,TEACHER LEARNING & LEADERSHIP,314774.53407585,1.5488986313425,787
613,INSTRUCTIONAL STAFF TRAINING,NON-PROJECT,,TEACHER PERFORMANCE ASSESSMENT,4283.37149099,0.0833333333333,3
614,INSTRUCTIONAL STAFF TRAINING,NON-PROJECT,,,1851945.8434413522,38.51375617854712,8382
615,INSTRUCTIONAL STAFF TRAINING,Other,,ALL SCHOOLS-UNDISTRIBUTED,171579.01432,0.0,186
616,INSTRUCTIONAL STAFF TRAINING,Other,,ASSESSMENT & RESEARCH,6684.21728,0.0,263
617,INSTRUCTIONAL STAFF TRAINING,Other,,CHARTER SCHOOL,3988.05,0.0,1
618,INSTRUCTIONAL STAFF TRAINING,Other,,CHIEF ACADEMIC OFFICER,87781.1704,0.0,81
619,INSTRUCTIONAL STAFF TRAINING,Other,,COMMUNITY ,2399.73,0.0,1
620,INSTRUCTIONAL STAFF TRAINING,Other,,EARLY CHILDHOOD EDUCATION,200896.14417696043,0.8968198999295199,320
621,INSTRUCTIONAL STAFF TRAINING,Other,,ED RESOURCE SERVICES,20648.8205929692,0.03663793103448,88
622,INSTRUCTIONAL STAFF TRAINING,Other,,EDUCATIONAL SERVICES,3155.31,0.0,2
623,INSTRUCTIONAL STAFF TRAINING,Other,,ELEMENTARY EDUCATION,22211.528230303,0.025862068965539997,36
624,INSTRUCTIONAL STAFF TRAINING,Other,,ENGLISH FOR SPEAKERS OF OTHER,274244.389761301,2.1402703776151,227
625,INSTRUCTIONAL STAFF TRAINING,Other,,ENVISION SCHOOLS COLORADO HS,12671.01,0.0,1
626,INSTRUCTIONAL STAFF TRAINING,Other,,ES TEAM ,1164159.43458562,12.6132101166274,98
627,INSTRUCTIONAL STAFF TRAINING,Other,,FEDERAL PROG-DELINQ INSTITUT,265.55,0.0,1
628,INSTRUCTIONAL STAFF TRAINING,Other,,FEDERAL PROG-PRIVATE SCHOOLS,86474.59999999999,0.0,4
629,INSTRUCTIONAL STAFF TRAINING,Other,,FEDERAL PROGRAMS-NUMBER ,3742.5099999999998,0.0,3
630,INSTRUCTIONAL STAFF TRAINING,Other,,FEDERAL PROGRAMS/EXTERNAL RESO,243691.5906045,1.912650938241,44
631,INSTRUCTIONAL STAFF TRAINING,Other,,GIFTED AND TALENTED,40006.35168,0.0,8
632,INSTRUCTIONAL STAFF TRAINING,Other,,HIGH SCHOOL EDUCATION,8811.601895710999,0.05715892053978,37
633,INSTRUCTIONAL STAFF TRAINING,Other,,HS TEAM ,184637.0372743,2.326391716331,15
634,INSTRUCTIONAL STAFF TRAINING,Other,,HUMAN RESOURCES,328107.93,0.0,2
635,INSTRUCTIONAL STAFF TRAINING,Other,,HUMANITIES,1054605.6476944247,5.689940457160695,1284
636,INSTRUCTIONAL STAFF TRAINING,Other,,INTERDISCIPLINARY,193166.6782029433,0.5869648674878698,198
637,INSTRUCTIONAL STAFF TRAINING,Other,,LEADERSHIP DEVELOPMENT,17705.555363846972,0.1136127806463576,18
638,INSTRUCTIONAL STAFF TRAINING,Other,,LEARNING PARTNERSHIP,12795.85,0.0,3
639,INSTRUCTIONAL STAFF TRAINING,Other,,MATH / SCIENCE,641124.4992823257,0.54549433711204,1520
640,INSTRUCTIONAL STAFF TRAINING,Other,,MIDDLE SCHOOL EDUCATION,3197.14056,0.0,12
641,INSTRUCTIONAL STAFF TRAINING,Other,,MS TEAM ,201840.8027981,2.509930969463,15
642,INSTRUCTIONAL STAFF TRAINING,Other,,PRIVATE SCHOOLS,3612.1899999999996,0.0,2
643,INSTRUCTIONAL STAFF TRAINING,Other,,PSYCHOLOGICAL SERVICES,90.15,0.0,1
644,INSTRUCTIONAL STAFF TRAINING,Other,,SECONDARY PATHWAYS,80687.20592,0.0,82
645,INSTRUCTIONAL STAFF TRAINING,Other,,SPECIAL EDUCATION,732690.5964489139,1.2881914351630488,1265
646,INSTRUCTIONAL STAFF TRAINING,Other,,SUPERINTENDENT OF SCHOOLS,13160.46776923,0.2644246681402,7
647,INSTRUCTIONAL STAFF TRAINING,Other,,TEACHER EFFECTIVENESS,456559.9471297936,0.1299612924597,162
648,INSTRUCTIONAL STAFF TRAINING,Other,,TEACHER LEARNING & LEADERSHIP,913188.3605541799,3.3311476933627,959
649,INSTRUCTIONAL STAFF TRAINING,Other,,,2714313.0116264233,12.217032998347975,3680
650,INSTRUCTIONAL STAFF TRAINING,TITLE I,,COMMUNITY ,15564.37,0.0,2
651,INSTRUCTIONAL STAFF TRAINING,TITLE I,,ES TEAM ,215948.74481232002,2.6656651842009,26
652,INSTRUCTIONAL STAFF TRAINING,TITLE I,,FEDERAL PROG-INSTITUTIONS NEG,338.49776,0.0,4
653,INSTRUCTIONAL STAFF TRAINING,TITLE I,,FEDERAL PROG-PRIVATE SCHOOL,4752.4499926934,0.0034725080018299997,24
654,INSTRUCTIONAL STAFF TRAINING,TITLE I,,FEDERAL PROG-PRIVATE SCHOOLS,105328.53,0.0,16
655,INSTRUCTIONAL STAFF TRAINING,TITLE I,,HS TEAM ,171.662,0.00493821140298,4
656,INSTRUCTIONAL STAFF TRAINING,TITLE I,,LEADERSHIP DEVELOPMENT,4365.00720115,0.0499999532929,3
657,INSTRUCTIONAL STAFF TRAINING,TITLE I,,MATH / SCIENCE,1702.34184,0.0,4
658,INSTRUCTIONAL STAFF TRAINING,TITLE I,,PSYCHOLOGICAL SERVICES,94453.1104668,1.034976418641,9
659,INSTRUCTIONAL STAFF TRAINING,TITLE I,,SPECIAL EDUCATION,2399.43,0.0,1
660,INSTRUCTIONAL STAFF TRAINING,TITLE I,,SUMMER SCHOOL - HIGH SCHOOLS,1511.99608,0.0,2
661,INSTRUCTIONAL STAFF TRAINING,TITLE I,,TEACHER LEARNING & LEADERSHIP,19464.53923933,0.4197522531578999,26
662,INSTRUCTIONAL STAFF TRAINING,TITLE I,,TITLE I - EDUCATIONAL OUTREACH,768.6999999999999,0.0,1
663,INSTRUCTIONAL STAFF TRAINING,TITLE I,,,275096.62058311,1.02048591276397,79
664,INSTRUCTIONAL STAFF TRAINING,TITLE I A - ARRA,,ALL SCHOOLS-UNDISTRIBUTED,63698.128959999995,0.0,174
665,INSTRUCTIONAL STAFF TRAINING,TITLE I A - ARRA,,COMMUNITY ,461.98,0.0,1
666,INSTRUCTIONAL STAFF TRAINING,TITLE I A - ARRA,,FEDERAL PROG-INSTITUTIONS NEG,824.82,0.0,1
667,INSTRUCTIONAL STAFF TRAINING,TITLE I A - ARRA,,FEDERAL PROG-PRIVATE SCHOOL,3400.45,0.0,1
668,INSTRUCTIONAL STAFF TRAINING,TITLE I A - ARRA,,HUMANITIES,75789.09000000001,0.0,1
669,INSTRUCTIONAL STAFF TRAINING,TITLE I A - ARRA,,LEADERSHIP DEVELOPMENT,5.5200000000000005,0.0,1
670,INSTRUCTIONAL STAFF TRAINING,TITLE I A - ARRA,,MATH / SCIENCE,56625.27291648406,0.8110934277382355,433
671,INSTRUCTIONAL STAFF TRAINING,TITLE I A - ARRA,,SUMMER SCHOOL - HIGH SCHOOLS,44768.82576,0.0,99
672,INSTRUCTIONAL STAFF TRAINING,TITLE I A - ARRA,,TEACHER LEARNING & LEADERSHIP,24450.9627429128,0.7143870723964298,279
673,INSTRUCTIONAL STAFF TRAINING,TITLE I A - ARRA,,TEACHER PERFORMANCE ASSESSMENT,31056.879965620003,0.4166562428762,15
674,INSTRUCTIONAL STAFF TRAINING,TITLE I A - ARRA,,,322714.9004559078,6.48462146316083,1434
675,OTHER GENERAL EDUCATION,NON-PROJECT,,ALL SCHOOLS-UNDISTRIBUTED,217098.55406708,0.128857459208,9
676,OTHER GENERAL EDUCATION,NON-PROJECT,,ATHLETICS & STUDENT ACTIVITIES,3104.93,0.0,1
677,OTHER GENERAL EDUCATION,NON-PROJECT,,COMMUNITY ,1523535.46,0.0,1
678,OTHER GENERAL EDUCATION,NON-PROJECT,,CONNECTIONS ACADEMY,5978509.61,0.0,1
679,OTHER GENERAL EDUCATION,NON-PROJECT,,ED RESOURCE SERVICES,34206.42,0.0,1
680,OTHER GENERAL EDUCATION,NON-PROJECT,,ELEMENTARY EDUCATION,155320.408,0.0,145
681,OTHER GENERAL EDUCATION,NON-PROJECT,,ENGLISH FOR SPEAKERS OF OTHER,38115.36,0.0,3
682,OTHER GENERAL EDUCATION,NON-PROJECT,,ENVISION SCHOOLS COLORADO HS,1369015.88,0.0,1
683,OTHER GENERAL EDUCATION,NON-PROJECT,,HIGH SCHOOL EDUCATION,-28536.32,0.0,2
684,OTHER GENERAL EDUCATION,NON-PROJECT,,ITEMGA OUTDOOR EDUCATION,1873.41,0.0,1
685,OTHER GENERAL EDUCATION,NON-PROJECT,,"KIDS, INC",412277.7510391,4.74143643287,31
686,OTHER GENERAL EDUCATION,NON-PROJECT,,MATH / SCIENCE,9998.68,0.0,1
687,OTHER GENERAL EDUCATION,NON-PROJECT,,ORGANIZATION DISTRICT-WIDE,26548.66,0.0,4
688,OTHER GENERAL EDUCATION,NON-PROJECT,,PERSONNEL-PAID LEAVE,251.01999999999998,0.5000137252435,8
689,OTHER GENERAL EDUCATION,NON-PROJECT,,VOCATIONAL/TECHNICAL SCHOOLS,13016.429999999997,0.0,1
690,OTHER GENERAL EDUCATION,NON-PROJECT,,,28669675.02789994,8.79219598409841,244
691,OTHER GENERAL EDUCATION,Other,,ADMISSIONS AND STUDENT RECORDS,389272.06043487904,7.9931275313315,65
692,OTHER GENERAL EDUCATION,Other,,ALL SCHOOLS-UNDISTRIBUTED,2603598.5687346077,0.45902938637096763,318
693,OTHER GENERAL EDUCATION,Other,,CHARTER SCHOOL,32562.67,0.0,1
694,OTHER GENERAL EDUCATION,Other,,CHIEF ACADEMIC OFFICER,22647.518181862,0.3561738924115,17
695,OTHER GENERAL EDUCATION,Other,,COMMUNITY ,44003.07,0.0,5
696,OTHER GENERAL EDUCATION,Other,,COMMUNITY PARTNERSHIP,234.35,0.0,1
697,OTHER GENERAL EDUCATION,Other,,DISTRICT WIDE ORGANIZATION UNI,199.32,0.0,1
698,OTHER GENERAL EDUCATION,Other,,EARLY CHILDHOOD EDUCATION,3504420.12,0.0,6
699,OTHER GENERAL EDUCATION,Other,,ELEMENTARY EDUCATION,245746.612039781,0.17312321112163,82
700,OTHER GENERAL EDUCATION,Other,,ENVISION SCHOOLS COLORADO HS,120656.03,0.0,11
701,OTHER GENERAL EDUCATION,Other,,FEDERAL PROG-DELINQ INSTITUT,92643.27926730001,1.00002566532,9
702,OTHER GENERAL EDUCATION,Other,,FEDERAL PROGRAMS/EXTERNAL RESO,9166.5,0.0,7
703,OTHER GENERAL EDUCATION,Other,,GIFTED AND TALENTED,83715.85,0.0,11
704,OTHER GENERAL EDUCATION,Other,,HIGH SCHOOL EDUCATION,89028.86000000002,0.0,5
705,OTHER GENERAL EDUCATION,Other,,HUMANITIES,3552.2349600000002,0.0,10
706,OTHER GENERAL EDUCATION,Other,,"KIDS, INC",24528.45887104001,0.2769239837572,10
707,OTHER GENERAL EDUCATION,Other,,MIDDLE SCHOOL EDUCATION,89650.83000000003,0.0,2
708,OTHER GENERAL EDUCATION,Other,,OPPORTUNITY SCHOOL,134618.12,0.0,3
709,OTHER GENERAL EDUCATION,Other,,PRIVATE SCHOOLS,19924.660000000003,0.0,3
710,OTHER GENERAL EDUCATION,Other,,SCHOOL NURSE SERVICES,13895.45248,0.0,11
711,OTHER GENERAL EDUCATION,Other,,SPECIAL EDUCATION,159704.7832,0.0,70
712,OTHER GENERAL EDUCATION,Other,,,2718585.318225855,4.7352270846181,189
713,OTHER GENERAL EDUCATION,TITLE I,,FEDERAL PROG-INSTITUTIONS NEG,366564.14692062995,2.5513052197364,22
714,OTHER GENERAL EDUCATION,TITLE I,,FEDERAL PROG-PRIVATE SCHOOL,600912.27272042,9.07970842515723,67
715,OTHER GENERAL EDUCATION,TITLE I,,FEDERAL PROGRAMS/EXTERNAL RESO,6285361.180000001,0.0,3
716,OTHER GENERAL EDUCATION,TITLE I,,TITLE I - EDUCATIONAL OUTREACH,10476.297602824998,0.4541906883295,6
717,OTHER GENERAL EDUCATION,TITLE I,,,3023.4587056,0.128410243375,4
718,OTHER GENERAL EDUCATION,TITLE I A - ARRA,,FEDERAL PROG-INSTITUTIONS NEG,115587.509217164,0.2820841399951,18
719,OTHER GENERAL EDUCATION,TITLE I A - ARRA,,FEDERAL PROG-PRIVATE SCHOOL,60835.11232816,0.0961720731532,9
720,OTHER SUPPORT SERVICES,Other,,CHARTER SCHOOL,1740.57,0.0,1
721,OTHER SUPPORT SERVICES,Other,,DISTRICT COMMUNITY RELATIONS,16193.11,0.0,2
722,OTHER SUPPORT SERVICES,Other,,EARLY CHILDHOOD EDUCATION,69442.53000000001,0.0,7
723,OTHER SUPPORT SERVICES,Other,,ED RESOURCE SERVICES,21916.26,0.0,2
724,OTHER SUPPORT SERVICES,Other,,EDUCATIONAL SERVICES,3322.0599999999995,0.0,2
725,OTHER SUPPORT SERVICES,Other,,ELEMENTARY EDUCATION,681498.1900000001,0.0,4
726,OTHER SUPPORT SERVICES,Other,,ENGLISH FOR SPEAKERS OF OTHER,20227.989999999998,0.0,2
727,OTHER SUPPORT SERVICES,Other,,FEDERAL PROG-DELINQ INSTITUT,38856.81,0.0,3
728,OTHER SUPPORT SERVICES,Other,,FEDERAL PROGRAMS/EXTERNAL RESO,538819.11,0.0,11
729,OTHER SUPPORT SERVICES,Other,,GENERAL LEDGER ACCOUNTING,16123.94,0.0,1
730,OTHER SUPPORT SERVICES,Other,,HIGH SCHOOL EDUCATION,367.92,0.0,1
731,OTHER SUPPORT SERVICES,Other,,HUMANITIES,8293.93,0.0,6
732,OTHER SUPPORT SERVICES,Other,,INTENTIONAL SCHOOL CULTURE,1348.64,0.0,1
733,OTHER SUPPORT SERVICES,Other,,INTERDISCIPLINARY,0.0,0.0,1
734,OTHER SUPPORT SERVICES,Other,,LEADERSHIP DEVELOPMENT,23069.010000000002,0.0,3
735,OTHER SUPPORT SERVICES,Other,,MATH / SCIENCE,5726.35,0.0,4
736,OTHER SUPPORT SERVICES,Other,,MIDDLE SCHOOL EDUCATION,-6.450000000000017,0.0,2
737,OTHER SUPPORT SERVICES,Other,,MULTILINGUAL OUTREACH,9690.86,0.0,1
738,OTHER SUPPORT SERVICES,Other,,OFFICE OF SCHOOL TURNAROUND,7943.27,0.0,1
739,OTHER SUPPORT SERVICES,Other,,OPPORTUNITY SCHOOL,94267.34000000001,0.0,6
740,OTHER SUPPORT SERVICES,Other,,SCHOOL/COMMUNITY PARTNERSHIPS,-0.1,0.0,1
741,OTHER SUPPORT SERVICES,Other,,SECONDARY PATHWAYS,15752.669999999998,0.0,2
742,OTHER SUPPORT SERVICES,Other,,SPECIAL EDUCATION,1020815.0100000001,0.0,10
743,OTHER SUPPORT SERVICES,Other,,TEACHER EFFECTIVENESS,29249.36,0.0,2
744,OTHER SUPPORT SERVICES,Other,,TEACHER LEARNING & LEADERSHIP,19456.59,0.0,2
745,OTHER SUPPORT SERVICES,Other,,,166173.36,0.0,116
746,OTHER SUPPORT SERVICES,TITLE I,,FEDERAL PROGRAMS/EXTERNAL RESO,1346656.45,0.0,2
747,OTHER SUPPORT SERVICES,TITLE I A - ARRA,,FEDERAL PROGRAMS/EXTERNAL RESO,446016.37,0.0,1
748,Other,Community Services,"""Title  Part A Improving Basic Programs""",School ,255591.9679841599,2.5700000000000003,145
749,Other,Community Services,General Fund,Bilingual / ESL,10325.36,0.0,4
750,Other,Community Services,General Fund,Early Childhood Center,41424.819202499995,1.0,3
751,Other,Community Services,General Fund,Elementary (Pre-K),255.245917555,0.0,2
752,Other,Community Services,General Fund,Independence,24999.36,0.0,2
753,Other,Community Services,General Fund,Prekindergarten Demonstration School,36912.1470456,1.0,4
754,Other,Community Services,General Fund,School ,1255395.2605330092,32.3555,126
755,Other,Community Services,General Fund,Secondary Alternative Learning Center,41425.1092025,1.0,1
756,Other,Community Services,General Fund,,19258.6667911,0.5,2
757,Other,Community Services,Miscellaneous Federal Grants,,-0.21000000000003638,0.0,2
758,Other,Community Services,Title I - Disadvantaged Children/Targeted Assistance,,-0.5800000000017462,0.0,2
759,Other,Community Services,Title I Priority Schools Grant Program,School ,374867.9646056,4.5,7
760,Other,Community Services,Title I- Part A,Primary Center,2000.76,0.0,1
761,Other,Community Services,Title I- Part A,School ,893257.15414687,15.9945,254
762,Other,Community Services,Title I- Part A,School 6-12,160.55,0.0,1
763,Other,Community Services,Title I- Part A,School K-5,1332.8,0.0,1
764,Other,Community Services,Title I- Part A,,22463.3516828,0.5,2
765,Other,Community Services,"Title III, Part A-LEP, English Language Acquisition & Language Enhancement",Bilingual / ESL,48498.84,0.0,3
766,Other,Community Services,Title Iii Part A - Lep,School ,42003.119187542,0.0,80
767,Other,Community Services,Vocational Basic Ed.,School ,116968.4843188,4.91,13
768,Other,Curriculum & Instructional Staff Development,General Fund,Bilingual / ESL,649704.133530703,5.640000000000001,28
769,Other,Curriculum & Instructional Staff Development,General Fund,Early Childhood Center,-0.30000000000000004,0.0,3
770,Other,Curriculum & Instructional Staff Development,General Fund,Gifted and Talented,505169.27315799997,0.0,6
771,Other,Curriculum & Instructional Staff Development,General Fund,Independence,5776.48535327,0.0,5
772,Other,Curriculum & Instructional Staff Development,General Fund,Pre-K Center,57994.888331500006,1.0,5
773,Other,Curriculum & Instructional Staff Development,General Fund,Prekindergarten Demonstration School,5535.19596963,0.0,5
774,Other,Curriculum & Instructional Staff Development,General Fund,School ,907506.48081815,8.5,44
775,Other,Curriculum & Instructional Staff Development,General Fund,School to Work,30222.35,0.0,6
776,Other,Curriculum & Instructional Staff Development,Title I Priority Schools Grant Program,School ,973745.8672917,6.5,15
777,Other,Curriculum & Instructional Staff Development,Title I- Part A,Primary Center,8141.591,0.0,4
778,Other,Curriculum & Instructional Staff Development,Title I- Part A,School ,2348746.6266822,23.63,199
779,Other,Curriculum & Instructional Staff Development,Title I- Part A,,14071.739493900002,0.25,1
780,Other,Curriculum & Instructional Staff Development,"Title III, Part A-LEP, English Language Acquisition & Language Enhancement",Bilingual / ESL,430150.15156569995,1.0,10
781,Other,Curriculum & Instructional Staff Development,Voc Ed- Basic Grant,School to Work,106209.261,0.0,6
782,Other,Curriculum Development And Instructional Staff Dev, Virtual School Network Receiver,School ,1225.5844404547,0.0,4
783,Other,Curriculum Development And Instructional Staff Dev,"""Title  Part A Improving Basic Programs""",School ,566664.859278407,0.0,450
784,Other,Curriculum Development And Instructional Staff Dev,"""Title  Part A Improving Basic Programs""",Summer School,29284.461312592,0.0,68
785,Other,Curriculum Development And Instructional Staff Dev,General Operating Fund,School ,97921.0557749102,0.0,71
786,Other,Curriculum Development And Instructional Staff Dev,General Operating Fund,Unallocated,177002.6902748565,0.0,127
787,Other,Curriculum Development And Instructional Staff Dev,General Operating Fund,Undistributed,22346.955456248,0.0,41
788,Other,Curriculum Development And Instructional Staff Dev,Title Iii Part A - Lep,School ,26851.378351722,0.0,64
789,Other,Curriculum Development And Instructional Staff Dev,Title Iii Part A - Lep,Summer School,886.498893314,0.0,4
790,Other,Curriculum Development And Instructional Staff Dev,Title Iii Part A - Lep,Undistributed,680061.85664016,0.0,25
791,Other,Curriculum Development And Instructional Staff Dev,Vocational Basic Ed.,School ,68772.92,0.0,17
792,Other,Curriculum Development And Instructional Staff Dev,Vocational Basic Ed.,Undistributed,15843.890000000001,0.0,3
793,Other,FACILITIES ACQ AND CONST      ,CO & DS                       ,FACILITIES                    ,322147.82,0.0,1
794,Other,FACILITIES ACQ AND CONST      ,ENERGY MANAGEMENT,MAINTENANCE NORTH             ,28490.76,0.0,1
795,Other,FACILITIES ACQ AND CONST      ,ENERGY MANAGEMENT,School ,884602.39,0.0,2
796,Other,FACILITIES ACQ AND CONST      ,GENERAL FUND                  ,FACILITIES                    ,517206.34983528,6.75,12
797,Other,FACILITIES ACQ AND CONST      ,GENERAL FUND                  ,School ,20023.499999999996,0.0,7
798,Other,FACILITIES ACQ AND CONST      ,IMPACT FEES,School ,30343.14,0.0,1
799,Other,FACILITIES ACQ AND CONST      ,IMPACT FEES                   ,FACILITIES                    ,6857282.510000001,0.0,17
800,Other,FACILITIES ACQ AND CONST      ,IMPACT FEES                   ,GROWTH                        ,1974.15,0.0,1
801,Other,FACILITIES ACQ AND CONST      ,IMPACT FEES                   ,MAINTENANCE NORTH             ,8302.02,0.0,2
802,Other,FACILITIES ACQ AND CONST      ,IMPACT FEES                   ,PROCUREMENT SERVICES          ,481074.4,0.0,8
803,Other,FACILITIES ACQ AND CONST      ,IMPACT FEES                   ,School ,31989.8,0.0,1
804,Other,FACILITIES ACQ AND CONST      ,MAINTENANCE - CHARTERS   ,CHARTER,76026.64,0.0,1
805,Other,FACILITIES ACQ AND CONST      ,MAINTENANCE - CHARTERS   ,School ,465082.07,0.0,3
806,Other,FACILITIES ACQ AND CONST      ,MILLAGE                  ,BOARD                         ,769.35,0.0,1
807,Other,FACILITIES ACQ AND CONST      ,MILLAGE                  ,BUILDING,56.51000000000001,0.0,1
808,Other,FACILITIES ACQ AND CONST      ,MILLAGE                  ,CENTER,6345.1500000000015,0.0,1
809,Other,FACILITIES ACQ AND CONST      ,MILLAGE                  ,CHARTER,152029.01,0.0,49
810,Other,FACILITIES ACQ AND CONST      ,MILLAGE                  ,CURRICULUM AND INSTR          ,56213.880000000005,0.0,2
811,Other,FACILITIES ACQ AND CONST      ,MILLAGE                  ,EDUCATION FOUNDATION,5916.75,0.0,7
812,Other,FACILITIES ACQ AND CONST      ,MILLAGE                  ,ETS,5279.199999999999,0.0,4
813,Other,FACILITIES ACQ AND CONST      ,MILLAGE                  ,EXEC DIR INFO/INSTRUC TECH SER,4429226.69,0.0,44
814,Other,FACILITIES ACQ AND CONST      ,MILLAGE                  ,FACILITIES                    ,14115.769999999999,0.0,8
815,Other,FACILITIES ACQ AND CONST      ,MILLAGE                  ,FED COMPENSATORY ED PROG      ,369.5800000000001,0.0,2
816,Other,FACILITIES ACQ AND CONST      ,MILLAGE                  ,FOOD SERVICES                 ,1406.04,0.0,3
817,Other,FACILITIES ACQ AND CONST      ,MILLAGE                  ,GRANT SERVICES                ,1799.05,0.0,1
818,Other,FACILITIES ACQ AND CONST      ,MILLAGE                  ,GROWTH                        ,6404.35,0.0,1
819,Other,FACILITIES ACQ AND CONST      ,MILLAGE                  ,HUMAN RESOURCES               ,3275.6499999999996,0.0,3
820,Other,FACILITIES ACQ AND CONST      ,MILLAGE                  ,MAINTENANCE NORTH             ,1424268.63,0.0,46
821,Other,FACILITIES ACQ AND CONST      ,MILLAGE                  ,MAINTENANCE SOUTH             ,395.65,0.0,1
822,Other,FACILITIES ACQ AND CONST      ,MILLAGE                  ,OLD,295.1,0.0,2
823,Other,FACILITIES ACQ AND CONST      ,MILLAGE                  ,PROCUREMENT SERVICES          ,26167.07,0.0,14
824,Other,FACILITIES ACQ AND CONST      ,MILLAGE                  ,PROGRAM ACCOUNTABILITY        ,4781.78,0.0,6
825,Other,FACILITIES ACQ AND CONST      ,MILLAGE                  ,PUBLIC SAFETY COMPLEX CHARTER ,31453.66,0.0,10
826,Other,FACILITIES ACQ AND CONST      ,MILLAGE                  ,RISK MANAGEMENT               ,12931.260000000002,0.0,6
827,Other,FACILITIES ACQ AND CONST      ,MILLAGE                  ,STAFF DEV AND INSTR MEDIA     ,56001.520000000004,0.0,14
828,Other,FACILITIES ACQ AND CONST      ,MILLAGE                  ,STUDENT SERVICES              ,35316.61,0.0,13
829,Other,FACILITIES ACQ AND CONST      ,MILLAGE                  ,SUPERINTENDENT                ,806825.46,0.0,50
830,Other,FACILITIES ACQ AND CONST      ,MILLAGE                  ,School ,4671381.81,0.0,946
831,Other,FACILITIES ACQ AND CONST      ,MILLAGE                  ,TECHNICAL CHARTER,65828.63,0.0,17
832,Other,FACILITIES ACQ AND CONST      ,MILLAGE                  ,TRANSPORTATION                ,958411.29,0.0,28
833,Other,FACILITIES ACQ AND CONST      ,MILLAGE                  ,VOCATIONAL EDUCATION          ,1003.6600000000001,0.0,2
834,Other,FACILITIES ACQ AND CONST      ,MILLAGE                  ,WAREHOUSE AND SUPPORT         ,89960.89,0.0,3
835,Other,FACILITIES ACQ AND CONST      ,MILLAGE                  ,WELLNESS CENTER,324.4699999999999,0.0,2
836,Other,FACILITIES ACQ AND CONST      ,OTHER CAPITAL OUTLAY          ,FACILITIES                    ,97443.52,0.0,7
837,Other,FACILITIES ACQ AND CONST      ,OTHER CAPITAL OUTLAY          ,MAINTENANCE NORTH             ,360883.25,0.0,4
838,Other,FACILITIES ACQ AND CONST      ,OTHER CAPITAL OUTLAY          ,School ,170363.28999999998,0.0,1
839,Other,FACILITIES ACQ AND CONST      ,SALES TAX                     ,EXEC DIR INFO/INSTRUC TECH SER,114361.94,0.0,1
840,Other,FACILITIES ACQ AND CONST      ,SALES TAX                     ,FACILITIES                    ,3225384.66,0.0,8
841,Other,FACILITIES ACQ AND CONST      ,SALES TAX                     ,MAINTENANCE NORTH             ,56511.9,0.0,8
842,Other,FACILITIES ACQ AND CONST      ,SALES TAX                     ,PROCUREMENT SERVICES          ,39059.29,0.0,1
843,Other,FACILITIES ACQ AND CONST      ,SELF-FUNDED HEALTH INSURANCE  ,WELLNESS CENTER,491289.02,0.0,13
844,Other,"Guidance, Counseling and Evaluation Services",General Fund,Bilingual / ESL,145617.1012583,1.0441,4
845,Other,"Guidance, Counseling and Evaluation Services",General Fund,Early Childhood,-0.02,0.0,1
846,Other,"Guidance, Counseling and Evaluation Services",General Fund,Early Childhood Center,55100.8019289,1.0,2
847,Other,"Guidance, Counseling and Evaluation Services",General Fund,Elementary DAEP,58752.016406826,1.0,4
848,Other,"Guidance, Counseling and Evaluation Services",General Fund,Gifted and Talented,16459.78,0.0,1
849,Other,"Guidance, Counseling and Evaluation Services",General Fund,Independence,220367.04007606997,4.0,8
850,Other,"Guidance, Counseling and Evaluation Services",General Fund,Pre-K Center,29221.3676749,0.5,1
851,Other,"Guidance, Counseling and Evaluation Services",General Fund,Prekindergarten Demonstration School,600.06,0.0,3
852,Other,"Guidance, Counseling and Evaluation Services",General Fund,School ,940355.7420965999,15.08,19
853,Other,"Guidance, Counseling and Evaluation Services",General Fund,School to Work,11652.45,0.0,4
854,Other,"Guidance, Counseling and Evaluation Services",General Fund,Secondary Alternative Learning Center,130791.131300901,2.0,4
855,Other,"Guidance, Counseling and Evaluation Services",Title I Priority Schools Grant Program,School ,143397.61200000002,1.95,5
856,Other,"Guidance, Counseling and Evaluation Services",Title I- Part A,Primary Center,1350.31,0.0,2
857,Other,"Guidance, Counseling and Evaluation Services",Title I- Part A,School ,57240.699532800005,0.5,50
858,Other,"Guidance, Counseling and Evaluation Services",Title I- Part A,,199.84,0.0,1
859,Other,"Guidance, Counseling and Evaluation Services",Voc Ed- Basic Grant,Guidance & Counseling,81536.7183557,1.0,2
860,Other,"Guidance, Counseling and Evaluation Services",Voc Ed- Basic Grant,Office of Program Evaluation,83297.5599256,1.0,3
861,Other,"Guidance, Counseling and Evaluation Services",Voc Ed- Basic Grant,School to Work,23000.480000000003,0.0,2
862,Other,INST STAFF TRAINING SVCS      ,ARRA - RACE TO THE TOP        ,CHIEF ACADEMIC OFFICER        ,104630.4,0.0,285
863,Other,INST STAFF TRAINING SVCS      ,ARRA - RACE TO THE TOP        ,School ,348.9,0.0,3
864,Other,INST STAFF TRAINING SVCS      ,CONVERSION CHARTER SCHOOLS    ,CHARTER,70978.92108670001,1.0,66
865,Other,INST STAFF TRAINING SVCS      ,CONVERSION CHARTER SCHOOLS    ,School ,5031.070000000001,0.0,29
866,Other,INST STAFF TRAINING SVCS      ,CONVERSION CHARTER SCHOOLS    ,TECHNICAL CHARTER,5181.0,0.0,12
867,Other,INST STAFF TRAINING SVCS      ,FED THRU STATE-CASH ADVANCE   ,CHARTER,162353.4456747,1.9166660612939999,108
868,Other,INST STAFF TRAINING SVCS      ,FED THRU STATE-CASH ADVANCE   ,CURRICULUM AND INSTR          ,170104.34,0.0,20
869,Other,INST STAFF TRAINING SVCS      ,FED THRU STATE-CASH ADVANCE   ,ESE                           ,36810.29,0.0,124
870,Other,INST STAFF TRAINING SVCS      ,FED THRU STATE-CASH ADVANCE   ,FED COMPENSATORY ED PROG      ,929642.77181858,14.8195778504867,174
871,Other,INST STAFF TRAINING SVCS      ,FED THRU STATE-CASH ADVANCE   ,STAFF DEV AND INSTR MEDIA     ,97903.889615361,1.46370483739818,6
872,Other,INST STAFF TRAINING SVCS      ,FED THRU STATE-CASH ADVANCE   ,School ,1401672.3317477792,19.59807920502601,672
873,Other,INST STAFF TRAINING SVCS      ,FED THRU STATE-CASH ADVANCE   ,TECHNICAL CHARTER,10762.58,0.0,8
874,Other,INST STAFF TRAINING SVCS      ,FED THRU STATE-CASH ADVANCE   ,VOCATIONAL EDUCATION          ,4722.33,0.0,23
875,Other,INST STAFF TRAINING SVCS      ,FED THRU STATE-NON CASH ADVANC,CURRICULUM AND INSTR          ,864.49,0.0,1
876,Other,INST STAFF TRAINING SVCS      ,FED THRU STATE-NON CASH ADVANC,STAFF DEV AND INSTR MEDIA     ,6141.37,0.0,11
877,Other,INST STAFF TRAINING SVCS      ,FED THRU STATE-NON CASH ADVANC,School ,9286.109999999999,0.0,68
878,Other,INST STAFF TRAINING SVCS      ,FEDERAL DIRECT                ,CHARTER,822.37,0.0,5
879,Other,INST STAFF TRAINING SVCS      ,FEDERAL DIRECT                ,CURRICULUM AND INSTR          ,46827.93,0.0,26
880,Other,INST STAFF TRAINING SVCS      ,FEDERAL DIRECT                ,School ,50543.11,0.0,111
881,Other,INST STAFF TRAINING SVCS      ,FOOD SERVICES                 ,School ,26.64,0.0,1
882,Other,INST STAFF TRAINING SVCS      ,GENERAL FUND                  ,CHARTER,4121.04,0.0,40
883,Other,INST STAFF TRAINING SVCS      ,GENERAL FUND                  ,CURRICULUM AND INSTR          ,79608.31,0.0,75
884,Other,INST STAFF TRAINING SVCS      ,GENERAL FUND                  ,ESE                           ,6190.22,0.0,3
885,Other,INST STAFF TRAINING SVCS      ,GENERAL FUND                  ,EXEC DIR INFO/INSTRUC TECH SER,515789.06869359995,8.0,45
886,Other,INST STAFF TRAINING SVCS      ,GENERAL FUND                  ,FED COMPENSATORY ED PROG      ,5829.0700000000015,0.0,2
887,Other,INST STAFF TRAINING SVCS      ,GENERAL FUND                  ,HUMAN RESOURCES               ,483.92,0.0,7
888,Other,INST STAFF TRAINING SVCS      ,GENERAL FUND                  ,PROGRAM ACCOUNTABILITY        ,6936.85,0.0,20
889,Other,INST STAFF TRAINING SVCS      ,GENERAL FUND                  ,STAFF DEV AND INSTR MEDIA     ,425673.46143019997,2.0,818
890,Other,INST STAFF TRAINING SVCS      ,GENERAL FUND                  ,STUDENT SERVICES              ,4706.639999999999,0.0,5
891,Other,INST STAFF TRAINING SVCS      ,GENERAL FUND                  ,School ,2192898.91175513,30.736032301279298,2446
892,Other,INST STAFF TRAINING SVCS      ,GENERAL FUND                  ,VOCATIONAL EDUCATION          ,420.29,0.0,2
893,Other,INST STAFF TRAINING SVCS      ,TARGETED ARRA STIMULUS FUNDS  ,FED COMPENSATORY ED PROG      ,10547.293327039999,0.167521187197,9
894,Other,INST STAFF TRAINING SVCS      ,TARGETED ARRA STIMULUS FUNDS  ,School ,57754.8377597,0.8324788128030001,14
895,Other,INSTRUCTION,ARRA Grants (Not Including Stabilization Grants),,160364.02,2.8899,4
896,Other,INSTRUCTION,CTAE Extended Day or Extended Year - State Grant,,136585.9544,1.00004,1
897,Other,INSTRUCTION,Charter Schools - Federal,,264660.7,0.0,9
898,Other,INSTRUCTION,Department of Human Resources,,2581.01,0.0,2
899,Other,INSTRUCTION,General Fund,ADMIN. SERVICES,2368185.959999998,0.0,473
900,Other,INSTRUCTION,General Fund,NORTH METRO,10255.32,0.0,21
901,Other,INSTRUCTION,General Fund,SOUTH METRO,661037.26,0.0,35
902,Other,INSTRUCTION,General Fund,,19253622.96,0.0,10652
903,Other,INSTRUCTION,HHS Aids Education,ADMIN. SERVICES,499.57,0.0,1
904,Other,INSTRUCTION,Learn And Serve America,,47983.96,0.0,96
905,Other,INSTRUCTION,Lottery Funds,,270952.28,6.0,6
906,Other,INSTRUCTION,Pre-Kindergarten (Lottery),,205041.91,0.0,258
907,Other,INSTRUCTION,RESERVED FOR K-12 GRANTS FROM SOURCES OTHER THAN STATE OR FEDERAL,ADMIN. SERVICES,42.35,0.0,2
908,Other,INSTRUCTION,RESERVED FOR K-12 GRANTS FROM SOURCES OTHER THAN STATE OR FEDERAL,,11376.02,0.0,30
909,Other,INSTRUCTION,RESERVED FOR NON DOE DIRECT FEDERAL FUNDS FOR K-12,ADMIN. SERVICES,84276.72,0.0,20
910,Other,INSTRUCTION,Schoolwide Schools,,-4350338.350000001,0.0,716
911,Other,INSTRUCTION,Special Education,ADMIN. SERVICES,1710040.2999999998,0.0,242
912,Other,INSTRUCTION,Special Education,,1252947.71,0.0,83
913,Other,INSTRUCTION,State or Local Funds,NORTH METRO,17278.264,0.2,1
914,Other,INSTRUCTION,State or Local Funds,,5017799.62694,75.795993,143
915,Other,INSTRUCTION,TITLE III,ADMIN. SERVICES,318173.39,0.0,23
916,Other,INSTRUCTION,TITLE III,,5449.51,0.0,19
917,Other,INSTRUCTION,Title I,ADMIN. SERVICES,1585500.07,0.0,112
918,Other,INSTRUCTION,Title I,,8379078.380000001,0.0,474
919,Other,INSTRUCTION,Title I Elementary and Secondary Education Act of ,,181086.95784,2.690246,5
920,Other,INSTRUCTION,Title II,ADMIN. SERVICES,6422.32,0.0,1
921,Other,INSTRUCTION,Title II,,18996.61,0.0,46
922,Other,INSTRUCTION,Vocational Education-Federal Funded,ADMIN. SERVICES,42949.08999999999,0.0,111
923,Other,INSTRUCTION,,NORTH METRO,7956.39,0.2,1
924,Other,INSTRUCTION,,,425082.10778,18.401054,21
925,Other,Instruction, Virtual School Network Receiver,School ,14594.877798038,0.0,18
926,Other,Instruction,"""Title  Part A Improving Basic Programs""",School ,13553563.720993787,153.16,4528
927,Other,Instruction,"""Title  Part A Improving Basic Programs""",Summer School,1232235.6677382104,0.0,1027
928,Other,Instruction,Advanced Plancement International Baccalaurate Inc,School ,16717.4414229467,0.0,34
929,Other,Instruction,Campus Activity Funds,School ,576519.845121754,0.0,491
930,Other,Instruction,Campus Activity Funds,Summer School,3126.504448696,0.0,3
931,Other,Instruction,Education Jobs,School ,109125.33236756289,0.0,11
932,Other,Instruction,Education Jobs Fund,Elementary (Pre-K),22239.2405526,0.33,1
933,Other,Instruction,Education Jobs Fund,School ,84472.6265047,1.32,4
934,Other,Instruction,Esea Title Ii Part A Teacher & Principal Training,School ,198.949303959,0.0,1
935,Other,Instruction,General Fund,ABD,1807.99253655,0.0,1
936,Other,Instruction,General Fund,Bilingual / ESL,265746.4880436,0.0,6
937,Other,Instruction,General Fund,Center,12686.21,0.0,12
938,Other,Instruction,General Fund,Early Childhood,155874.786697384,2.0,7
939,Other,Instruction,General Fund,Early Childhood Center,1167254.53678911,19.5,33
940,Other,Instruction,General Fund,Elementary,0.0,0.0,1
941,Other,Instruction,General Fund,Elementary (Pre-K),251934.47030930198,4.67,20
942,Other,Instruction,General Fund,Elementary DAEP,186139.21265434,3.0,10
943,Other,Instruction,General Fund,Gifted and Talented,72848.554411,0.0,1
944,Other,Instruction,General Fund,Human Resources,1898765.7,0.0,1
945,Other,Instruction,General Fund,Independence,1741329.064186193,27.5,67
946,Other,Instruction,General Fund,Pre-K Center,1070153.366846373,16.0,32
947,Other,Instruction,General Fund,Prekindergarten Demonstration School,1642708.97830434,27.0,42
948,Other,Instruction,General Fund,Primary Center,771840.56548885,12.99,25
949,Other,Instruction,General Fund,School ,286095883.2499941,4641.241,8579
950,Other,Instruction,General Fund,School to Work,1506811.240932114,0.0,17
951,Other,Instruction,General Fund,Secondary Alternative Learning Center,1530022.141904373,27.0,55
952,Other,Instruction,General Fund,Unallocated Cost Budget,3054927.69255,0.0,2
953,Other,Instruction,General Fund,Work Projects,313197.52,0.0,1
954,Other,Instruction,General Fund,,1119732.713149163,19.009999999999998,35
955,Other,Instruction,General Operating Fund,School ,220793585.26824236,3556.6700000000005,14440
956,Other,Instruction,General Operating Fund,Summer School,451381.2519461883,0.0,425
957,Other,Instruction,General Operating Fund,Unallocated,20754.0737127233,0.01,11
958,Other,Instruction,General Operating Fund,Undistributed,11045364.959004201,0.05,481
959,Other,Instruction,General Operating Fund,,25480.8874723355,0.03,15
960,Other,Instruction,Intensive Reading Instruction Initiative Grant,School ,223284.2244591651,0.0,887
961,Other,Instruction,Intensive Reading Instruction Initiative Grant,,278.55,0.0,1
962,Other,Instruction,Locally Funded Special Revenue Funds,School ,114830.320274925,0.0,47
963,Other,Instruction,Locally Funded Special Revenue Funds,Unallocated,123749.53,0.0,2
964,Other,Instruction,Locally Funded Special Revenue Funds,Undistributed,81.09,0.0,1
965,Other,Instruction,Lower Strands Prj.,School ,19708.43,0.0,11
966,Other,Instruction,Other State Grants,School ,3670.46,0.0,9
967,Other,Instruction,State Textbook Fund,School ,4163254.25,0.0,127
968,Other,Instruction,State Textbook Fund,Undistributed,1097485.5599999998,0.0,3
969,Other,Instruction,Student Activity Account,School ,929373.48877246,17.455,28
970,Other,Instruction,Student Activity Fund,School ,561.8,0.0,5
971,Other,Instruction,Title I Priority Schools Grant Program,School ,1027296.4995010999,9.0,15
972,Other,Instruction,Title I- Part A,Primary Center,37489.054000000004,0.0,9
973,Other,Instruction,Title I- Part A,School ,11578918.35821063,114.062,676
974,Other,Instruction,Title I- Part A,School 6-12,11438.46,0.0,1
975,Other,Instruction,Title I- Part A,School K-5,95043.01,0.0,1
976,Other,Instruction,Title I- Part A,,127382.6525317,0.75,9
977,Other,Instruction,"Title III, Part A-LEP, English Language Acquisition & Language Enhancement",Bilingual / ESL,206374.85,0.0,3
978,Other,Instruction,"Title III, Part A-LEP, English Language Acquisition & Language Enhancement",School ,1501869.0748421,26.0,29
979,Other,Instruction,Title Iii Part A - Lep,School ,711708.1873279796,8.03,338
980,Other,Instruction,Title Iii Part A - Lep,Summer School,156974.857105977,0.0,116
981,Other,Instruction,Title Iii Part A - Lep,Undistributed,36002.36,0.0,5
982,Other,Instruction,Title Iv Part B  Century Community Learning Ce,School ,264484.6811290212,3.0,135
983,Other,Instruction,Title Iv Part B  Century Community Learning Ce,Summer School,45409.526416542,0.0,63
984,Other,Instruction,Voc Ed- Basic Grant,School to Work,721707.5599999999,0.0,9
985,Other,Instruction,Vocational Basic Ed.,School ,633976.0700000001,0.0,15
986,Other,Instruction,,Early Childhood Center,78873.5989792,2.5,3
987,Other,Instruction,,Pre-K Center,216496.56700990003,7.0,7
988,Other,Instruction,,Prekindergarten Demonstration School,243459.3185556,8.0,8
989,Other,Instruction,,School ,80080.4119592,2.5,3
990,Other,Instructional Leadership,General Fund,Bilingual / ESL,694608.771508413,6.3,25
991,Other,Instructional Leadership,General Fund,Early Childhood,69641.4304007,1.0,2
992,Other,Instructional Leadership,General Fund,Gifted and Talented,398307.41122396704,5.25,25
993,Other,Instructional Leadership,General Fund,School to Work,760270.8300000001,0.0,7
994,Other,Instructional Leadership,General Operating Fund,School ,2752.2400000000002,0.0,9
995,Other,Instructional Leadership,General Operating Fund,Unallocated,31479.120000000003,0.0,19
996,Other,Instructional Leadership,General Operating Fund,Undistributed,1022988.336702509,15.57,29
997,Other,Instructional Leadership,"Title III, Part A-LEP, English Language Acquisition & Language Enhancement",Bilingual / ESL,38202.494789000004,0.7,5
998,Other,Instructional Leadership,Title Iii Part A - Lep,Unallocated,77.66,0.0,2
999,Other,Instructional Leadership,Voc Ed- Basic Grant,School to Work,-0.16000000000000003,0.0,6
1000,Other,Instructional Leadership,Vocational Basic Ed.,Unallocated,6912.23,0.0,1
1001,Other,NON-PROJECT,,ACCOUNTABILITY-RESEARCH-EVAL,58749.1905292,0.375008277976,5
1002,Other,NON-PROJECT,,ACCOUNTS PAYABLE,492419.98821160005,8.659474927181,51
1003,Other,NON-PROJECT,,ADMISSIONS AND STUDENT RECORDS,672435.5444793201,8.3090062722982,66
1004,Other,NON-PROJECT,,AIRCRAFT TRAINING FACILITY,801.71,0.0,4
1005,Other,NON-PROJECT,,ALL CITY ATH FIELD - SOUTH,94143.614,0.0,15
1006,Other,NON-PROJECT,,ALL SCHOOLS-UNDISTRIBUTED,961433.8695016808,28.10879066229483,285
1007,Other,NON-PROJECT,,ATHLETICS & STUDENT ACTIVITIES,4322060.880811925,2.85366647810665,1182
1008,Other,NON-PROJECT,,BUDGETARY SERVICES,1706089.79235344,18.8315753100162,134
1009,Other,NON-PROJECT,,CHARTER SCHOOL,282170.79605813173,4.092897741526709,60
1010,Other,NON-PROJECT,,CHIEF OPERATING OFFICER,379844.72214623,2.4535786521527996,30
1011,Other,NON-PROJECT,,CONSTRUCTION SERVICES,610092.2179021001,7.336310337966,68
1012,Other,NON-PROJECT,,CONTEMPORARY LEARNING ZUNI,44941.34,0.0,12
1013,Other,NON-PROJECT,,CUSTOMER RELATIONS MANAGEMENT,2652960.4063303,28.6097629724715,156
1014,Other,NON-PROJECT,,DEPARTMENT OF TECHNOLOGY SERVI,2173604.54,0.0,25
1015,Other,NON-PROJECT,,DISBURSING,74927343.30761461,3.215018955294,29
1016,Other,NON-PROJECT,,DISTRICT WIDE ORGANIZATION UNI,-165019916.16815588,0.0894396551724,746
1017,Other,NON-PROJECT,,EAST PREP KITCHEN,282069.93520408,1.6880284808901,32
1018,Other,NON-PROJECT,,ED RESOURCE SERVICES,1035850.75572059,16.496298677516,97
1019,Other,NON-PROJECT,,ELEMENTARY EDUCATION,-3109069.59,0.0,4
1020,Other,NON-PROJECT,,ENTERPRISE PRODUCT MANAGEMENT,572077.52711979,3.7613507743092995,36
1021,Other,NON-PROJECT,,FACILITY SERVICES,1264352.8507817786,10.39684114151251,126
1022,Other,NON-PROJECT,,FEDERAL PROGRAMS/EXTERNAL RESO,75619.7832319,0.8043304384659999,9
1023,Other,NON-PROJECT,,FIXED ASSETS,30279.430000000004,0.0,7
1024,Other,NON-PROJECT,,FOOD AND NUTRITION SERVICES,5011785.840448132,64.7971397381429,1368
1025,Other,NON-PROJECT,,GARAGE,6924771.909593095,192.95180364525098,1796
1026,Other,NON-PROJECT,,GARAGE ANNEX,83078.97,0.0,8
1027,Other,NON-PROJECT,,GENERAL LEDGER ACCOUNTING,946866.48522623,7.726509905014,68
1028,Other,NON-PROJECT,,HIGH SCHOOL EDUCATION,-107516.28496,0.0,59
1029,Other,NON-PROJECT,,HS TEAM ,1033.976621416,0.01,3
1030,Other,NON-PROJECT,,HUMAN RESOURCES,4461221.716887147,51.41542359174298,468
1031,Other,NON-PROJECT,,HUMANITIES,253466.37264490002,2.1358008885219997,35
1032,Other,NON-PROJECT,,INTENTIONAL SCHOOL CULTURE,232405.00867739998,1.455481236334,24
1033,Other,NON-PROJECT,,INTERDISCIPLINARY,30114.2926593,0.50091150886,5
1034,Other,NON-PROJECT,,INTERNAL AUDITOR,441251.463963,4.04560870503,26
1035,Other,NON-PROJECT,,IST - COMPUTER OPERATIONS,113005.35,0.0,2
1036,Other,NON-PROJECT,,IST - SYSTEMS SUPPORT,3721150.548874725,33.57072713584359,188
1037,Other,NON-PROJECT,,ITEMGA OUTDOOR EDUCATION,278349.51079140004,3.9902127104739997,47
1038,Other,NON-PROJECT,,ITEMGH ELEMENTARY,1259.87037807,0.0416644900091,5
1039,Other,NON-PROJECT,,LANGUAGE SCHOOL,414.94903639209997,0.00375455844668,2
1040,Other,NON-PROJECT,,LEARNING PARTNERSHIP,4737.14795863,0.1764581734459999,4
1041,Other,NON-PROJECT,,MAINTENANCE,29763400.69622776,148.5541509366546,1232
1042,Other,NON-PROJECT,,MANUAL COMPLEX,603671.27804521,6.665750320598001,64
1043,Other,NON-PROJECT,,MATERIALS MANAGEMENT,691118.37578298,8.960694608996,69
1044,Other,NON-PROJECT,,MATH / SCIENCE,174122.87147836,1.1732384728690002,19
1045,Other,NON-PROJECT,,MIDDLE SCHOOL EDUCATION,-1085054.7138399999,0.0,7
1046,Other,NON-PROJECT,,NIGHT HS,1381.47,0.0,3
1047,Other,NON-PROJECT,,ONLINE SCHOOL,71242.57383829998,0.770452537745,6
1048,Other,NON-PROJECT,,OPERATIONS,857876.2390237,5.388567747852,58
1049,Other,NON-PROJECT,,OPPORTUNITY SCHOOL,5164648.259530616,4.985132429017726,521
1050,Other,NON-PROJECT,,ORGANIZATION DISTRICT-WIDE,1942703.6499999997,0.0,17
1051,Other,NON-PROJECT,,PAYROLL,971841.551935437,13.45477053894102,103
1052,Other,NON-PROJECT,,PERSONNEL-PAID LEAVE,29055.93,82.57208228809799,1925
1053,Other,NON-PROJECT,,PLANNING AND INNOVATION,616951.9797787389,6.78528995181329,57
1054,Other,NON-PROJECT,,PRINT SHOP,529881.16,0.0,8
1055,Other,NON-PROJECT,,PSYCHOLOGICAL SERVICES,1254353.2713390011,14.4677683157156,225
1056,Other,NON-PROJECT,,PUBLIC INFORMATION AND SERVICE,612700.933129164,5.30944958185009,65
1057,Other,NON-PROJECT,,SAFETY AND SECURITY,426739.42386174947,6.61157523468986,158
1058,Other,NON-PROJECT,,SCHOOL ATTORNEY,886076.7346561,5.975983545582,53
1059,Other,NON-PROJECT,,SCHOOL CHOICE,1194284.901681515,12.08541102812528,152
1060,Other,NON-PROJECT,,SCHOOL NURSE SERVICES,1740103.5670716804,25.28689381243445,437
1061,Other,NON-PROJECT,,SCHOOL/COMMUNITY PARTNERSHIPS,155147.5624663,1.013176580533,15
1062,Other,NON-PROJECT,,SECONDARY PATHWAYS,15770.0104446582,0.51239224137956,145
1063,Other,NON-PROJECT,,SERVICE BUILDING,900399.4341646429,3.4704112122628,71
1064,Other,NON-PROJECT,,SOCIAL WORK SERVICES,1350861.9063889899,15.9817857706235,223
1065,Other,NON-PROJECT,,STRATEGY OFFICE,887095.59092494,6.0956770661154,94
1066,Other,NON-PROJECT,,SUPERINTENDENT OF SCHOOLS,779326.1839289999,4.416713775011,41
1067,Other,NON-PROJECT,,TEACHER EFFECTIVENESS,83223.86018979999,0.5374290871817,47
1068,Other,NON-PROJECT,,TECHNOLOGY ENTERPRISE APPS,3480646.9239849,23.687964054144,126
1069,Other,NON-PROJECT,,TECHNOLOGY IMPROVEMENTS,415000.96,0.0,14
1070,Other,NON-PROJECT,,TRANSPORTATION,8913853.416388031,76.1947540188437,887
1071,Other,NON-PROJECT,,TRANSPORTATION BUS TERMINAL,1949.63,0.0,1
1072,Other,NON-PROJECT,,VOCATIONAL/TECHNICAL SCHOOLS,-34178.73000000001,0.0,2
1073,Other,NON-PROJECT,,WAREHOUSE OPERATIONS,2953366.9288984803,11.7094067486808,167
1074,Other,NON-PROJECT,,,141286029.33029836,2058.9018944187824,21852
1075,Other,Other, Century Community Learning,,3461630.45,0.0,2
1076,Other,Other,"""Title  Part A Improving Basic Programs""",School ,315.04,0.0,1
1077,Other,Other,"""Title  Part A Improving Basic Programs""",Summer School,18643.9214384198,0.0,35
1078,Other,Other,ARRA - RACE TO THE TOP        ,CHIEF ACADEMIC OFFICER        ,831598.33218089,5.1946564574314,140
1079,Other,Other,ARRA - RACE TO THE TOP        ,CURRICULUM AND INSTR          ,682.26,0.0,3
1080,Other,Other,ARRA - RACE TO THE TOP        ,School ,30.27,0.0,1
1081,Other,Other,ARRA - RACE TO THE TOP        ,VOCATIONAL EDUCATION          ,586.66,0.0,2
1082,Other,Other,ARRA Grants (Not Including Stabilization Grants),,5960.98,0.1111,1
1083,Other,Other,Alternative Schools,CHIEF ACADEMIC OFFICER,160846.5643953,2.0,2
1084,Other,Other,Alternative Schools,,85946.57000000008,0.0,97
1085,Other,Other,American Indian Educ. Proj.,,57707.96,0.0,2
1086,Other,Other,Athletics,Athletics-External ,3468358.826174708,11.5,78
1087,Other,Other,Athletics,School ,7371549.41412979,56.084,1319
1088,Other,Other,Auxiliary Services,CERT STAFF ON LEAVE OFFICE,28000.18,0.4,1
1089,Other,Other,Auxiliary Services,CERTIFICATED SUBST. OFFICE,-0.91,0.4,1
1090,Other,Other,Auxiliary Services,COMPENSATORY EDUCATION DIV,447133.84,14.3,25
1091,Other,Other,Auxiliary Services,EN OTH CERTIFICATED PERSON,43488.5,0.8,2
1092,Other,Other,Auxiliary Services,HEALTH SERVICES OFFICE,269571.3,3.7,16
1093,Other,Other,Auxiliary Services,NON-PUBLIC SCHOOLS OFFICE,127011.40000000002,3.6,10
1094,Other,Other,Auxiliary Services,PSYCHOLOGICAL SERVICES OFF,160600.776,2.2,6
1095,Other,Other,Auxiliary Services,SPECIAL EDUCATION DIVISION,57212.630000000005,0.8500000000000001,2
1096,Other,Other,Auxiliary Services,SPEECH AND LANGUAGE SVC OF,73042.22,1.0,1
1097,Other,Other,Auxiliary Services,SR OTH CERTIFICATED PERSON,29021.97,0.4,1
1098,Other,Other,Auxiliary Services,,4077667.8000000003,0.0,742
1099,Other,Other,Bond Retirement,,13468674.96,0.0,4
1100,Other,Other,Building,,0.53,0.0,1
1101,Other,Other,CONVERSION CHARTER SCHOOLS    ,CHARTER,13540494.610514265,287.46318955726775,1648
1102,Other,Other,CONVERSION CHARTER SCHOOLS    ,CURRICULUM AND INSTR          ,83.51,0.0,2
1103,Other,Other,CONVERSION CHARTER SCHOOLS    ,FED COMPENSATORY ED PROG      ,28.38,0.0,1
1104,Other,Other,CONVERSION CHARTER SCHOOLS    ,PUBLIC SAFETY COMPLEX CHARTER ,523842.13652022,5.749511958646,130
1105,Other,Other,CONVERSION CHARTER SCHOOLS    ,School ,2952062.482497618,61.69633512495956,315
1106,Other,Other,CONVERSION CHARTER SCHOOLS    ,TECHNICAL CHARTER,3774087.922641046,62.153454606500816,175
1107,Other,Other,COP                      ,DISTRICT-WIDE PROGRAMS        ,9872684.82,0.0,8
1108,Other,Other,COP                       ,DISTRICT-WIDE PROGRAMS        ,37583459.04,0.0,19
1109,Other,Other,COP                       ,FINANCE & PAYROLL             ,4737.83,0.0,1
1110,Other,Other,COPY CENTER INTERNAL SERVICES ,EXEC DIR INFO/INSTRUC TECH SER,288067.67875518,0.0672879774851,6
1111,Other,Other,COPY CENTER INTERNAL SERVICES ,PROCUREMENT SERVICES          ,166720.5255916,3.932712022515,4
1112,Other,Other,Campus Activity Funds,School ,773.97,0.0,1
1113,Other,Other,Capital Projects Fund,ADMIN. SERVICES,94693013.95,0.0,281
1114,Other,Other,Capital Projects Fund,School ,1892.8300000000002,0.0,3
1115,Other,Other,Capital Projects Fund,,3905251.3,0.0,1230
1116,Other,Other,Central Cafeteria,Central Office,205147.7169162,17.1,6
1117,Other,Other,Central Cafeteria,,24742130.9805067,709.4,300
1118,Other,Other,Charter Schools - Federal,,309017.23,0.0,15
1119,Other,Other,Classroom Facilities,,183653689.8,0.0,324
1120,Other,Other,Classroom Facilities Maintenance,,1024127.0999999997,0.0,97
1121,Other,Other,Data Communications for School Buildings,,226200.88999999998,0.0,13
1122,Other,Other,Debt Service Fund,ADMIN. SERVICES,23944178.14,0.0,8
1123,Other,Other,District Managed Student Activity,,129292.43,0.0,46
1124,Other,Other,EDUCATION JOBS FUND           ,School ,50638.18,0.0,1
1125,Other,Other,ENERGY MANAGEMENT,DISTRICT-WIDE PROGRAMS        ,785285.4400000001,0.0,3
1126,Other,Other,"ESEA, Title II, Part A - Teacher and Principal Training and Recruiting",,3130005.84,0.0,2
1127,Other,Other,EXTENDED LEARNING CENTER ELC  ,COMMUNITY EDUCATION           ,850919.5066605197,3.00799615821952,148
1128,Other,Other,EXTENDED LEARNING CENTER ELC  ,School ,1628241.3345657587,48.50523030527746,268
1129,Other,Other,Education Jobs,,-4.170000000507571,0.0,43
1130,Other,Other,Education Of Homeless Children,ADMIN. SERVICES,70197.38,0.0,69
1131,Other,Other,Employee Benefits Self-Insurance,,57637974.3,0.0,3
1132,Other,Other,English Literacy Civics,,101999.85,0.0,1
1133,Other,Other,FED THRU STATE-CASH ADVANCE   ,ACADEMY,815.91,0.0,2
1134,Other,Other,FED THRU STATE-CASH ADVANCE   ,CHARTER,834513.77614168,12.2570820444878,134
1135,Other,Other,FED THRU STATE-CASH ADVANCE   ,CURRICULUM AND INSTR          ,445451.33771769,3.7108596876060003,25
1136,Other,Other,FED THRU STATE-CASH ADVANCE   ,ESE                           ,2433245.186482674,25.45217487133672,223
1137,Other,Other,FED THRU STATE-CASH ADVANCE   ,FED COMPENSATORY ED PROG      ,4309615.679541684,43.99752934306909,385
1138,Other,Other,FED THRU STATE-CASH ADVANCE   ,PART C                        ,2174.68,0.0,5
1139,Other,Other,FED THRU STATE-CASH ADVANCE   ,STAFF DEV AND INSTR MEDIA     ,151893.56847179,2.952960767636,5
1140,Other,Other,FED THRU STATE-CASH ADVANCE   ,STUDENT SERVICES              ,501304.1883328217,6.22146685760785,72
1141,Other,Other,FED THRU STATE-CASH ADVANCE   ,School ,9430730.90116223,150.5947017025251,1646
1142,Other,Other,FED THRU STATE-CASH ADVANCE   ,TECHNICAL CHARTER,552529.2539144484,4.14530860406148,80
1143,Other,Other,FED THRU STATE-CASH ADVANCE   ,TRANSPORTATION                ,3551.11,0.0,1
1144,Other,Other,FED THRU STATE-CASH ADVANCE   ,VOCATIONAL EDUCATION          ,171500.646443,1.88,36
1145,Other,Other,FED THRU STATE-NON CASH ADVANC,CURRICULUM AND INSTR          ,1039.6599999999999,0.0,2
1146,Other,Other,FED THRU STATE-NON CASH ADVANC,ESE                           ,656.4,0.0,3
1147,Other,Other,FED THRU STATE-NON CASH ADVANC,FINANCE & PAYROLL             ,1007.59,0.0,1
1148,Other,Other,FED THRU STATE-NON CASH ADVANC,STAFF DEV AND INSTR MEDIA     ,107342.68315050998,1.24412855377,14
1149,Other,Other,FEDERAL DIRECT                ,CURRICULUM AND INSTR          ,111265.10061740999,1.5554467814800002,10
1150,Other,Other,FEDERAL DIRECT                ,School ,376232.10925374203,4.75226571344796,80
1151,Other,Other,FEDERAL GRANT FUND,EARLY CHILDHOOD ED AND HEAD START,1605106.1600000001,0.0,11
1152,Other,Other,FEDERAL GRANT FUND,OFFICE OF FEDERAL PROGRAM & GRANTS,1533194.33,0.0,4
1153,Other,Other,FEDERAL GRANT FUND,OFFICE OF YOUTH ENGAGEMENT,371369.13,0.0,1
1154,Other,Other,FEDERAL GRANT FUND,,9836.97,0.0,1
1155,Other,Other,FEDERAL PAYMENTS,CENTRAL ADMINISTRATION SCHOOL - ELEM,20000287.83,0.0,1
1156,Other,Other,FEDERAL PAYMENTS,CHIEF OF DATA AND ACCOUNTABILITY,-1.07,0.0,1
1157,Other,Other,FEDERAL PAYMENTS,HUMAN CAPITAL,0.9,0.0,1
1158,Other,Other,FEDERAL PAYMENTS,,5.1899999999999995,0.0,48
1159,Other,Other,FLEXIBLE SPENDING ACCOUNT     ,DISTRICT-WIDE PROGRAMS        ,149295.7,0.0,1
1160,Other,Other,FOOD SERVICES                 ,CHARTER,1110095.77499117,17.66,97
1161,Other,Other,FOOD SERVICES                 ,DISTRICT-WIDE PROGRAMS        ,5.039999999999999,0.0,4
1162,Other,Other,FOOD SERVICES                 ,FOOD SERVICES                 ,1363827.237537864,12.8757342812674,97
1163,Other,Other,FOOD SERVICES                 ,School ,15816941.601267643,229.14557600413627,1653
1164,Other,Other,Fixed Asset Conversion,,24.91,0.0,2
1165,Other,Other,Food Services,ADMINISTRATIVE OFFICE,237713.03,6.0,6
1166,Other,Other,Food Services,CENTRAL KITCHEN OFFICE,174150.25,8.0,8
1167,Other,Other,Food Services,EN BRKFAST AIDS-LUNCH ATTN,159085.68472,26.21,35
1168,Other,Other,Food Services,EN CLASSIFIED SLRY/HRLY/DA,12805.12464,0.91,2
1169,Other,Other,Food Services,EN FOOD SERVICE,936355.21024,67.04,158
1170,Other,Other,Food Services,ES BRKFAST AIDS-LUNCH ATTN,4374.58,0.5,1
1171,Other,Other,Food Services,ES FOOD SERVICE,363961.94977602,25.490000000000002,58
1172,Other,Other,Food Services,FOOD SERVICE DIVISION,333966.93208,9.84,11
1173,Other,Other,Food Services,IN CUSTODIAL,39291.45,1.0,1
1174,Other,Other,Food Services,IN FOOD SERVICE,632345.49120002,43.550000000000004,98
1175,Other,Other,Food Services,INVENTORY & DISTRIBUTION,65977.09,2.0,2
1176,Other,Other,Food Services,OPERATIONS OFFICE,100341.91,3.0,3
1177,Other,Other,Food Services,SAFETY AND SECURITY DIVISION,-1.26,1.0,1
1178,Other,Other,Food Services,SR BRKFAST AIDS-LUNCH ATTN,13397.039600000004,0.91,2
1179,Other,Other,Food Services,SR CLASSIFIED SLRY/HRLY/DA,95952.4888,5.68,13
1180,Other,Other,Food Services,SR FOOD SERVICE,496078.38320004,42.34,87
1181,Other,Other,Food Services,SUBSTITUTE FOOD SERVICE OF,63023.8888,7.970000000000001,15
1182,Other,Other,Food Services,TRADES AND MAINTENANCE OFF,164945.12000000002,5.0,5
1183,Other,Other,Food Services,,22176411.41152241,17.44,380
1184,Other,Other,GENERAL FUND                  ,ACADEMY,1020110.09,0.0,4
1185,Other,Other,GENERAL FUND                  ,BOARD                         ,825792.5920636001,6.5,26
1186,Other,Other,GENERAL FUND                  ,BOARD AUDITOR                 ,89745.49,0.0,4
1187,Other,Other,GENERAL FUND                  ,BUILDING,18.62,0.0,1
1188,Other,Other,GENERAL FUND                  ,CENTER,11117.48,0.0,8
1189,Other,Other,GENERAL FUND                  ,CHARTER,17571448.57780754,0.81330299560159,101
1190,Other,Other,GENERAL FUND                  ,CHIEF ACADEMIC OFFICER        ,358877.240713353,2.7585245994373997,25
1191,Other,Other,GENERAL FUND                  ,CHIEF FINANCIAL OFFICER       ,195830.3121737,2.0,13
1192,Other,Other,GENERAL FUND                  ,CHIEF OF ADMINISTRATION       ,237228.5977171,2.5,23
1193,Other,Other,GENERAL FUND                  ,CHIEF OF OPERATIONS           ,383732.3932058,5.25,33
1194,Other,Other,GENERAL FUND                  ,COMMUNITY EDUCATION           ,15513.9,0.0,4
1195,Other,Other,GENERAL FUND                  ,COMPENSATION & EMPLOY RELATION,256333.741746931,4.96844702428495,29
1196,Other,Other,GENERAL FUND                  ,CURRICULUM AND INSTR          ,1045989.724632974,15.82555702874106,142
1197,Other,Other,GENERAL FUND                  ,DISTRICT-WIDE PROGRAMS        ,3626522.4121733997,2.0,33
1198,Other,Other,GENERAL FUND                  ,EDUC FOUNDATION DIRECTOR      ,213083.44434685202,5.00000000000006,37
1199,Other,Other,GENERAL FUND                  ,EDUCATION FOUNDATION,17895.870000000003,0.0,7
1200,Other,Other,GENERAL FUND                  ,ESE                           ,3842315.5936224465,17.35213419627009,177
1201,Other,Other,GENERAL FUND                  ,ETS,1897.31,0.0,2
1202,Other,Other,GENERAL FUND                  ,EXEC DIR INFO/INSTRUC TECH SER,4841218.585360012,40.805408493568095,219
1203,Other,Other,GENERAL FUND                  ,EXEC DIR OF HR/ER             ,263892.8632604,3.0,14
1204,Other,Other,GENERAL FUND                  ,FACILITIES                    ,344848.55849292304,3.6188247633616,35
1205,Other,Other,GENERAL FUND                  ,FED COMPENSATORY ED PROG      ,140748.09497808001,1.4455981879177,40
1206,Other,Other,GENERAL FUND                  ,FINANCE & PAYROLL             ,1556453.1712074,20.485524831196,59
1207,Other,Other,GENERAL FUND                  ,FOOD SERVICES                 ,76785.78,0.0,5
1208,Other,Other,GENERAL FUND                  ,GRANT SERVICES                ,204310.26987969,3.4089131295233,24
1209,Other,Other,GENERAL FUND                  ,GROWTH                        ,481328.97186299996,4.89394453047,28
1210,Other,Other,GENERAL FUND                  ,HUMAN RESOURCES               ,971701.7532582,15.103542268928301,73
1211,Other,Other,GENERAL FUND                  ,MAINTENANCE NORTH             ,4105789.5446056756,66.72071804017142,205
1212,Other,Other,GENERAL FUND                  ,MAINTENANCE SOUTH             ,1962907.9757860198,48.5192580902973,68
1213,Other,Other,GENERAL FUND                  ,OLD,37559.259999999995,0.0,2
1214,Other,Other,GENERAL FUND                  ,PROCUREMENT SERVICES          ,939507.1012702399,16.8556739164935,82
1215,Other,Other,GENERAL FUND                  ,PROGRAM ACCOUNTABILITY        ,920541.8397361699,6.5676238101985,88
1216,Other,Other,GENERAL FUND                  ,PUBLIC SAFETY COMPLEX CHARTER ,5394.130000000001,0.0,6
1217,Other,Other,GENERAL FUND                  ,RISK MANAGEMENT               ,592850.9765202,6.0,32
1218,Other,Other,GENERAL FUND                  ,STAFF DEV AND INSTR MEDIA     ,730979.4338491599,10.354393391912,497
1219,Other,Other,GENERAL FUND                  ,STUDENT SERVICES              ,3078978.8727885103,42.8268178329254,232
1220,Other,Other,GENERAL FUND                  ,SUPERINTENDENT                ,489781.34211878,4.25,36
1221,Other,Other,GENERAL FUND                  ,School ,206913048.99893034,3559.8269110344254,20730
1222,Other,Other,GENERAL FUND                  ,TECHNICAL CHARTER,4340254.21,0.0,14
1223,Other,Other,GENERAL FUND                  ,TRANSPORTATION                ,16239657.683697317,331.41694708248895,2914
1224,Other,Other,GENERAL FUND                  ,TRANSPORTATION-ADMINISTRATIVE ,308762.29758563003,7.753187199418,23
1225,Other,Other,GENERAL FUND                  ,VOCATIONAL EDUCATION          ,348704.141561637,5.11243958724317,55
1226,Other,Other,GENERAL FUND                  ,WELLNESS CENTER,598.07,0.0,5
1227,Other,Other,General,ACCOUNTING SERVICE OFFICE,430265.89777449996,6.0,6
1228,Other,Other,General,ADMIN OPERATIONS OFFICE,251912.37549200002,3.0,3
1229,Other,Other,General,ADMINISTRATIVE SECTION,157000.6871257,3.0,3
1230,Other,Other,General,BILINGUAL/MULTICULTURAL OF,517653.4356164,10.0,15
1231,Other,Other,General,BUDGET DIVISION,289834.71519869997,5.65,7
1232,Other,Other,General,BUILDING OPERATIONS SECTION,1101277.3581664,29.21,30
1233,Other,Other,General,CASHIER ACTIVITIES OFFICE,162153.4750573,2.0,2
1234,Other,Other,General,CERTIFICATED SUBST. OFFICE,138127.9786889,3.0,3
1235,Other,Other,General,CHIEF ACADEMIC OFFICER,3801489.782947,45.6897,47
1236,Other,Other,General,CHIEF OF STAFF,642864.6358052001,5.0,5
1237,Other,Other,General,CLASS SUBST EMPL (CLK&RTRS,233667.10214610002,6.0,6
1238,Other,Other,General,CLINIC SECTION,101689.324016,1.0,1
1239,Other,Other,General,COMMUNITY RELATIONS DIVISION,710343.9606981999,9.0,10
1240,Other,Other,General,COMPUTER SECTION,129127.4102141,2.0,2
1241,Other,Other,General,COO - SUPPORTIVE SERVICES,60311.80450040001,1.0,1
1242,Other,Other,General,COOP. BUS/LBR/UNIV/CULT OF,93987.4454831,1.0,1
1243,Other,Other,General,COUNSELING/CAREER GUID OFF,106759.896894,1.0,1
1244,Other,Other,General,DEVELOPMENTALLY HNDCPD OFF,437498.5622873,5.0,5
1245,Other,Other,General,EDUC SPECIAL TCHR II (SPEC ED TCHR),101689.574016,1.0,1
1246,Other,Other,General,EDUCATORS MID-CAREER CHANGE COHART ,104247.249089,1.0,1
1247,Other,Other,General,EN BRKFAST AIDS-LUNCH ATTN,191772.5524444,10.0,10
1248,Other,Other,General,EN CLASSIFIED SLRY/HRLY/DA,10103498.271795351,214.4,220
1249,Other,Other,General,EN CLEANERS,2717981.9241395,85.51,88
1250,Other,Other,General,EN CUSTODIAL,5044620.2982353,72.0,79
1251,Other,Other,General,EN OTH CERTIFICATED PERSON,118862236.86839451,1224.0,1314
1252,Other,Other,General,EN PRINCIPALS,8636110.0064161,70.5,72
1253,Other,Other,General,EN SECURITY,1700981.8575258,37.0,37
1254,Other,Other,General,ES CLASSIFIED SLRY/HRLY/DA,2067983.8901493999,43.0,43
1255,Other,Other,General,ES CLEANERS,490848.8650851,13.25,14
1256,Other,Other,General,ES CUSTODIAL,1373168.4908368,20.0,21
1257,Other,Other,General,ES OTH CERTIFICATED PERSON,23378346.9211207,225.6,250
1258,Other,Other,General,FACILITIES OFFICE,626800.6675344,9.94,10
1259,Other,Other,General,GENERAL EDUCATION DIVISION,457594.8515319,6.0,6
1260,Other,Other,General,HEALTH SERVICES OFFICE,2403638.3048067,23.6,24
1261,Other,Other,General,"HEALTH, FAMILY LIFE SECTIO",91463.4969505,2.0,2
1262,Other,Other,General,"HOUSING, EQUIP. & SUPPLIES",68891.87208350001,2.0,2
1263,Other,Other,General,HR DEPT - EMPLOYEE SERVICE CENTER,232585.2173984,3.0,3
1264,Other,Other,General,HR DEPT - RECORDS PROC. & RET.,503249.4595975,7.0,7
1265,Other,Other,General,HR DEPT - RECRUITMENT/STAFFING,576007.7996589,8.0,8
1266,Other,Other,General,HUMAN RESOURCES DEPARTMENT,422092.050252,5.0,5
1267,Other,Other,General,IN CLASSIFIED SLRY/HRLY/DA,10584902.0316479,232.0,236
1268,Other,Other,General,IN CLEANERS,1011353.6149759,30.009999999999998,31
1269,Other,Other,General,IN CUSTODIAL,1753230.0638854,26.0,28
1270,Other,Other,General,IN OTH CERTIFICATED PERSON,38500583.6713459,380.0,404
1271,Other,Other,General,IN PRINCIPALS,108299.00637899998,1.0,1
1272,Other,Other,General,IN SECURITY,2137268.6284342003,47.0,47
1273,Other,Other,General,INTERNAL AUDIT DIVISION,160544.93229700002,2.0,2
1274,Other,Other,General,INVENTORY & DISTRIBUTION,253261.0832306,4.0,4
1275,Other,Other,General,LAW DEPARTMENT,860048.8546770001,9.0,9
1276,Other,Other,General,MAINTENANCE OFFICE,1088127.9952409999,17.5,18
1277,Other,Other,General,MGMT. INFORMATION SERVICES,907112.1642917,15.0,15
1278,Other,Other,General,MULTIHANDICAPPED OFFICE,454867.9975616,5.0,5
1279,Other,Other,General,NON-PUBLIC SCHOOLS OFFICE,610481.1876436,6.0,6
1280,Other,Other,General,OFFICE OF INNOVATION,183650.44610709997,2.0,2
1281,Other,Other,General,OPERATIONS OFFICE,11299764.307959601,252.9689,283
1282,Other,Other,General,PAYROLL OFFICE,688964.2778561999,11.0,11
1283,Other,Other,General,PLANT MGMT AND OPERATIONS,90219.6192299,1.0,1
1284,Other,Other,General,PRESCHOOL OFFICE,102155.071286,1.0,1
1285,Other,Other,General,PSYCHOLOGICAL SERVICES OFF,7041763.8128402,74.6,79
1286,Other,Other,General,PUBLIC RELATIONS INFO CENT,53918.4698846,1.0,1
1287,Other,Other,General,PUPIL ADJUSTMENT OFFICE,956966.1843939,17.0,17
1288,Other,Other,General,PURCHASING DIVISION,334540.3773841,5.0,5
1289,Other,Other,General,"RESEARCH, EVALUATION & ASSESSMENT",638024.4922051,8.0,8
1290,Other,Other,General,RESIDENTIAL SITE TEACHERS,984718.2944871,10.0,10
1291,Other,Other,General,SAFETY AND SECURITY,54252.87328890001,1.0,1
1292,Other,Other,General,SAFETY AND SECURITY DIVISION,3866117.2572077,67.0,67
1293,Other,Other,General,SCHOOL IMPROVEMENT CENTER,513802.19702870003,5.0,5
1294,Other,Other,General,SEVERE BEHAVIOR HNDCPD OFF,104927.918104,1.0,1
1295,Other,Other,General,SPECIAL EDUCATION DIVISION,652838.4837601,8.0,8
1296,Other,Other,General,SPEECH AND LANGUAGE SVC OF,4847025.8533502,51.5,53
1297,Other,Other,General,SR CLASSIFIED SLRY/HRLY/DA,6493489.99098536,131.28,137
1298,Other,Other,General,SR CLEANERS,492394.3265921,15.879999999999999,16
1299,Other,Other,General,SR CUSTODIAL,997039.2362495001,14.0,17
1300,Other,Other,General,SR OTH CERTIFICATED PERSON,58111287.0215157,591.9,600
1301,Other,Other,General,SR PRINCIPALS,4653676.2074431,36.5,39
1302,Other,Other,General,"SR REGION, ADMIN OFFICE",101689.134016,1.0,1
1303,Other,Other,General,SR SECURITY,2455296.774795,54.0,54
1304,Other,Other,General,STDNT ASSIGN/ATTENDANCE/RE,158327.93796540002,3.0,3
1305,Other,Other,General,STUDENT ADMINISTRATIVE SERVICES,181014.9694904,3.0,3
1306,Other,Other,General,STUDENT INFOR SYSTEMS OFFI,194598.99811669998,3.0,3
1307,Other,Other,General,SUPERINTENDENT'S DEPARTMENT,3615979.6145553,26.5,27
1308,Other,Other,General,SYSTEMS ANALYSIS SECTION,73475.09689829999,0.8899999999999999,2
1309,Other,Other,General,TECHNICAL SUPPORT OFFICE,291466.157567,3.0,3
1310,Other,Other,General,TRADES AND MAINTENANCE OFF,3232878.3167385,36.0,36
1311,Other,Other,General,TRANSPORTATION DIVISION,185679.5883775,3.685,4
1312,Other,Other,General,TREASURY DEPARTMENT,557905.8166941,5.0,5
1313,Other,Other,General,VISUAL/ORTHO/HEAR HANDICAPPED,105902.6808309,1.3,2
1314,Other,Other,General,VOCATIONAL/CAREER EDUCAT O,63446.8761436,1.0,1
1315,Other,Other,General,WORK STUDY OFFICE,320907.457197,3.0,3
1316,Other,Other,General,,272798051.7178708,187.5,3610
1317,Other,Other,General Fund,ABD,85568.114233,2.0,2
1318,Other,Other,General Fund,ADMIN. SERVICES,62078408.7227424,487.72,4722
1319,Other,Other,General Fund,Assoc Superintendent-Area ,187634.83495569997,2.0,2
1320,Other,Other,General Fund,Assoc Superintendent-Area  Elementary ,99703.2168829,1.0,1
1321,Other,Other,General Fund,Assoc. Superintendent - Middle,113377.278635,1.0,1
1322,Other,Other,General Fund,Budget,65749.2465861,1.0,1
1323,Other,Other,General Fund,Central Warehouse,32906.5,1.0,1
1324,Other,Other,General Fund,Chief Academic Officer,130594.293424,1.0,1
1325,Other,Other,General Fund,Chief Operations Officer,54124.021848,1.0,1
1326,Other,Other,General Fund,Chief School Office,110733.355984,1.0,1
1327,Other,Other,General Fund,Community Ed (External),44555.55863490001,1.0,1
1328,Other,Other,General Fund,Consolidated School Nutrition,17061.94,1.0,1
1329,Other,Other,General Fund,Construction Management,84686.18,1.0,1
1330,Other,Other,General Fund,Contract and Procurement Svcs,97740.9233447,1.0,1
1331,Other,Other,General Fund,County Detention Center,31265.525759,1.0,1
1332,Other,Other,General Fund,Curriculum,201075.3812662,3.0,3
1333,Other,Other,General Fund,Curriculum and Instruction ,76902.1489717,1.0,1
1334,Other,Other,General Fund,District Police,208179.62851850002,4.0,4
1335,Other,Other,General Fund,Early Childhood Center,123976.96379000002,2.0,5
1336,Other,Other,General Fund,Elementary (Pre-K),5145.65637091,0.0,2
1337,Other,Other,General Fund,Food Service,1365532.54013,120.1,1
1338,Other,Other,General Fund,Health Services,46751.27730319999,1.0,1
1339,Other,Other,General Fund,Homebound,55693.15474380001,1.0,1
1340,Other,Other,General Fund,Independence,144389.2972568,2.0,4
1341,Other,Other,General Fund,Information System Administration,84864.54706170001,1.0,1
1342,Other,Other,General Fund,Learning Support Services,101221.51821870002,2.0,2
1343,Other,Other,General Fund,Legal Services,90999.17,0.0,1
1344,Other,Other,General Fund,Library Media Center,37855.0738559,1.0,1
1345,Other,Other,General Fund,Maintenance,7882159.7819347,116.0,116
1346,Other,Other,General Fund,Management Info System,84864.4170617,1.0,1
1347,Other,Other,General Fund,Math,120671.53874039999,2.0,2
1348,Other,Other,General Fund,NORTH METRO,1748848.79918031,33.0,37
1349,Other,Other,General Fund,Network Support,169729.2741234,2.0,2
1350,Other,Other,General Fund,Office of Planning and Community Relations,336632.2065658,5.0,5
1351,Other,Other,General Fund,PK Center,55692.41474380001,1.0,1
1352,Other,Other,General Fund,PROF. LEARNING,207785.16999999998,0.0,124
1353,Other,Other,General Fund,Pre-K Center,69117.29436680001,1.0,6
1354,Other,Other,General Fund,Prekindergarten Demonstration School,20032.463948700002,0.0,4
1355,Other,Other,General Fund,SOUTH METRO,434772.3934873,8.700000000000001,18
1356,Other,Other,General Fund,School ,3317446.5155664636,67.5,78
1357,Other,Other,General Fund,School to Work,84691.94966039999,0.0,5
1358,Other,Other,General Fund,Secondary Alternative Learning Center,253705.03598673412,4.0,9
1359,Other,Other,General Fund,Service Center Bldg & Grounds,308732.3135931,7.0,7
1360,Other,Other,General Fund,Service Center Housekeeping,22984.33,1.0,1
1361,Other,Other,General Fund,Social Emotional Learning,65286.9859997,1.0,1
1362,Other,Other,General Fund,Special Education,511652.8932482,7.0,7
1363,Other,Other,General Fund,State Deaf,37492.9033486,1.0,1
1364,Other,Other,General Fund,State/Federal Compliance & Accountability,46749.67730319999,1.0,1
1365,Other,Other,General Fund,Transportation,29043382.4218813,892.0,892
1366,Other,Other,General Fund,Transportation Office,2743241.45474,88.14,1
1367,Other,Other,General Fund,,589903962.0606345,8531.75,13455
1368,Other,Other,General Operating Fund,School ,3628451.439125795,23.35,794
1369,Other,Other,General Operating Fund,Summer School,8645.693307195299,0.0,12
1370,Other,Other,General Operating Fund,Unallocated,962941.7356270255,0.0,836
1371,Other,Other,General Operating Fund,Undistributed,401653.76999999996,0.0,15
1372,Other,Other,General Purpose School,Central Office,13580107.050431648,186.2140801794535,403
1373,Other,Other,General Purpose School,District Wide Resources,66573134.31357127,467.90941908417363,2486
1374,Other,Other,General Purpose School,,301071061.2541706,5595.749173946513,18508
1375,Other,Other,"High School Allotment,  (Effective ",Independence,2516.0,0.0,1
1376,Other,Other,IDEA Preschool Grant for the Handicapped,CHIEF ACADEMIC OFFICER,134875.13090440002,2.0,2
1377,Other,Other,IDEA Preschool Grant for the Handicapped,COO - SUPPORTIVE SERVICES,49592.38329309999,1.0,1
1378,Other,Other,IDEA Preschool Grant for the Handicapped,,133384.2392056,1.0,20
1379,Other,Other,"IDEA, Part B Special Education, Education of Handicapped Children",CERT STAFF ON LEAVE OFFICE,42000.07,0.6,1
1380,Other,Other,"IDEA, Part B Special Education, Education of Handicapped Children",CERTIFICATED SUBST. OFFICE,-0.25,0.6,1
1381,Other,Other,"IDEA, Part B Special Education, Education of Handicapped Children",CHIEF ACADEMIC OFFICER,1593452.7442711,21.0,21
1382,Other,Other,"IDEA, Part B Special Education, Education of Handicapped Children",DEVELOPMENTALLY HNDCPD OFF,80386.87453280001,1.0,1
1383,Other,Other,"IDEA, Part B Special Education, Education of Handicapped Children",EDUCATORS MID-CAREER CHANGE COHART ,101127.178722,1.0,1
1384,Other,Other,"IDEA, Part B Special Education, Education of Handicapped Children",EN CLASSIFIED SLRY/HRLY/DA,2059655.5149395,45.0,45
1385,Other,Other,"IDEA, Part B Special Education, Education of Handicapped Children",EN OTH CERTIFICATED PERSON,2013693.1052569,21.0,22
1386,Other,Other,"IDEA, Part B Special Education, Education of Handicapped Children",ES CLASSIFIED SLRY/HRLY/DA,321260.6361771,7.0,7
1387,Other,Other,"IDEA, Part B Special Education, Education of Handicapped Children",ES OTH CERTIFICATED PERSON,96392.9865435,1.0,1
1388,Other,Other,"IDEA, Part B Special Education, Education of Handicapped Children",GENERAL EDUCATION DIVISION,51816.21075090001,1.0,1
1389,Other,Other,"IDEA, Part B Special Education, Education of Handicapped Children",IN CLASSIFIED SLRY/HRLY/DA,1577288.9855789,36.0,36
1390,Other,Other,"IDEA, Part B Special Education, Education of Handicapped Children",IN OTH CERTIFICATED PERSON,845509.7694122,9.0,9
1391,Other,Other,"IDEA, Part B Special Education, Education of Handicapped Children",NON-PUBLIC SCHOOLS OFFICE,64481.54,3.4000000000000004,7
1392,Other,Other,"IDEA, Part B Special Education, Education of Handicapped Children",PSYCHOLOGICAL SERVICES OFF,106973.4760435,2.0,2
1393,Other,Other,"IDEA, Part B Special Education, Education of Handicapped Children",RESIDENTIAL SCHOOLS OFFICE,92077.4273472,1.0,1
1394,Other,Other,"IDEA, Part B Special Education, Education of Handicapped Children",SPECIAL EDUCATION DIVISION,491607.6555126,9.15,10
1395,Other,Other,"IDEA, Part B Special Education, Education of Handicapped Children",SPEECH AND LANGUAGE SVC OF,129403.1102047,1.7,2
1396,Other,Other,"IDEA, Part B Special Education, Education of Handicapped Children",SR CLASSIFIED SLRY/HRLY/DA,951613.1703498999,20.0,20
1397,Other,Other,"IDEA, Part B Special Education, Education of Handicapped Children",SR OTH CERTIFICATED PERSON,250615.59939,2.6,3
1398,Other,Other,"IDEA, Part B Special Education, Education of Handicapped Children",VISUAL/ORTHO/HEAR HANDICAPPED,58141.3949977,0.7,1
1399,Other,Other,"IDEA, Part B Special Education, Education of Handicapped Children",WORK STUDY OFFICE,0.67,1.0,1
1400,Other,Other,"IDEA, Part B Special Education, Education of Handicapped Children",,2872438.3651766,10.0,220
1401,Other,Other,IDEA-B Formula,,-405949.51,0.0,2
1402,Other,Other,IDEA-B Preschool,,886873.66,0.0,2
1403,Other,Other,IDEA-B-Deaf,,39619.33,0.0,2
1404,Other,Other,IDEA-B-Discretionary,,38692.07,0.0,1
1405,Other,Other,IDEA-B-Preshool-Deaf,,7407.61,0.0,2
1406,Other,Other,IDEA-C-Early Intervention Deaf,,3519.16,0.0,1
1407,Other,Other,IMPACT FEES                   ,DISTRICT-WIDE PROGRAMS        ,9673447.7,0.0,1
1408,Other,Other,INTRADISTRICT FUNDS,ADVANCED PROGRAMS,21199.52,0.0,2
1409,Other,Other,INTRADISTRICT FUNDS,DIFFERENTIATED INSTRUCTION,442851.69,0.0,1
1410,Other,Other,INTRADISTRICT FUNDS,EARLY STAGES,388272.82,0.0,12
1411,Other,Other,INTRADISTRICT FUNDS,"EXTENDED DAY PROG, SUMMER SCHOOL SATURDA",1255280.76,0.0,1
1412,Other,Other,INTRADISTRICT FUNDS,"FIXED COSTS (RENT, WATER, UTILITIES)",975499.9899999999,0.0,4
1413,Other,Other,INTRADISTRICT FUNDS,FOOD SERVICES DIVISION,30549999.64,0.0,8
1414,Other,Other,INTRADISTRICT FUNDS,HUMAN CAPITAL,0.15,0.0,3
1415,Other,Other,INTRADISTRICT FUNDS,INCLUSIVE ACADEMIC PROGRAMS,260181.43,0.0,2
1416,Other,Other,INTRADISTRICT FUNDS,NON - PUBLIC PLACEMENT,3700000.92,0.0,1
1417,Other,Other,INTRADISTRICT FUNDS,OFFICE OF BILINGUAL EDUCATION,550161.85,0.0,6
1418,Other,Other,INTRADISTRICT FUNDS,OFFICE OF CAREER AND TECHNICAL EDUCATION,1786742.97,0.0,8
1419,Other,Other,INTRADISTRICT FUNDS,OFFICE OF COMMUNITY & EDUCATION PROGRAMS,225280.99,0.0,6
1420,Other,Other,INTRADISTRICT FUNDS,OFFICE OF FEDERAL PROGRAM & GRANTS,4341210.16,0.0,20
1421,Other,Other,INTRADISTRICT FUNDS,OFFICE OF HUMAN RESOURCES,1450000.57,0.0,4
1422,Other,Other,INTRADISTRICT FUNDS,OFFICE OF SCHOOL INNOVATION,3164119.6599999997,0.0,27
1423,Other,Other,INTRADISTRICT FUNDS,OFFICE OF STANDARDS AND CURRICULUM,0.0,0.0,1
1424,Other,Other,INTRADISTRICT FUNDS,OFFICE OF THE CHIEF ACADEMIC OFFICER,1200000.26,0.0,1
1425,Other,Other,INTRADISTRICT FUNDS,OFFICE OF YOUTH ENGAGEMENT,315654.77,0.0,7
1426,Other,Other,INTRADISTRICT FUNDS,OSE RESOLUTION,3397940.1100000003,0.0,2
1427,Other,Other,INTRADISTRICT FUNDS,PRIVATE SCHOOLS,2819550.34,0.0,3
1428,Other,Other,INTRADISTRICT FUNDS,PROFESSIONAL DEVELOPMENT,1086527.5699999998,0.0,6
1429,Other,Other,INTRADISTRICT FUNDS,RELATED SERVICES,3627140.0,0.0,4
1430,Other,Other,INTRADISTRICT FUNDS,SCHOOL IMPROVEMENT-SECTION ,1799595.44,0.0,18
1431,Other,Other,INTRADISTRICT FUNDS,SCHOOL OPERATIONS,987930.74,0.0,1
1432,Other,Other,INTRADISTRICT FUNDS,SCHOOL PERFORMANCE/RESTRUCTURING,1280879.19,0.0,5
1433,Other,Other,INTRADISTRICT FUNDS,SCHOOL SUPPORT,561226.95,0.0,1
1434,Other,Other,INTRADISTRICT FUNDS,SPECIAL EDUCATION - LEA,1298060.79,0.0,3
1435,Other,Other,INTRADISTRICT FUNDS,SUMMER SCHOOL PROGRAM,2680076.78,0.0,4
1436,Other,Other,INTRADISTRICT FUNDS,TRANSFORMATION MANAGEMENT OFFICE,3485695.99,0.0,1
1437,Other,Other,INTRADISTRICT FUNDS,,724282.3200000001,0.0,128
1438,Other,Other,ITEMFA Schools Partnership,Central Office,102501.23,1.0,2
1439,Other,Other,ITEMFA Schools Partnership,District Wide Resources,1426166.6179,6.0,141
1440,Other,Other,ITEMFA Schools Partnership,,4460263.448135106,89.39547386403227,1092
1441,Other,Other,Improving Teacher Quality,EN OTH CERTIFICATED PERSON,3906160.1947215,38.0,38
1442,Other,Other,Improving Teacher Quality,ES OTH CERTIFICATED PERSON,1330275.2920204,14.0,14
1443,Other,Other,Improving Teacher Quality,HR DEPT - RECRUITMENT/STAFFING,60240.93191569999,1.0,1
1444,Other,Other,Improving Teacher Quality,IN OTH CERTIFICATED PERSON,822724.656832,8.0,8
1445,Other,Other,Improving Teacher Quality,,464743.5834810002,5.0,83
1446,Other,Other,Key Gov't Finance-CISCO VOIP  ,EXEC DIR INFO/INSTRUC TECH SER,999489.72,0.0,2
1447,Other,Other,LOCAL AND PRIVATE GRANT       ,DISTRICT-WIDE PROGRAMS        ,7518.490000000002,0.0,1
1448,Other,Other,LOCAL FUND,"ACCOUNTABILITY, TESTING, RESEARCH & EVAL",3839620.44,0.0,2
1449,Other,Other,LOCAL FUND,ADVANCED PROGRAMS,1137769.67,0.0,5
1450,Other,Other,LOCAL FUND,ARTS CENTER,251.35,0.0,2
1451,Other,Other,LOCAL FUND,ATHLETICS,1618672.72,0.0,5
1452,Other,Other,LOCAL FUND,ATTORNEY FEES,0.0,0.0,1
1453,Other,Other,LOCAL FUND,CENTRAL ADMINISTRATION SCHOOL - SHS,39962.98,0.0,3
1454,Other,Other,LOCAL FUND,CENTRAL OFFICE SUPPORT,2500.94,0.0,2
1455,Other,Other,LOCAL FUND,CHIEF OF DATA AND ACCOUNTABILITY,2385.97,0.0,1
1456,Other,Other,LOCAL FUND,CHIEF OF TEACHING & LEARNING,132797.12,0.0,4
1457,Other,Other,LOCAL FUND,CHIEF OPERATING OFFICER,117959.32999999999,0.0,2
1458,Other,Other,LOCAL FUND,COMPLIANCE DIVISION,10425.019999999999,0.0,3
1459,Other,Other,LOCAL FUND,DIFFERENTIATED INSTRUCTION,425924.61,0.0,1
1460,Other,Other,LOCAL FUND,EARLY STAGES,166194.74,0.0,10
1461,Other,Other,LOCAL FUND,FAMILY & COMMUNITY ENGAGEMENT,29791.57,0.0,2
1462,Other,Other,LOCAL FUND,"FIXED COSTS (RENT, WATER, UTILITIES)",40440526.79,0.0,11
1463,Other,Other,LOCAL FUND,FOOD SERVICES DIVISION,500422.92000000004,0.0,6
1464,Other,Other,LOCAL FUND,GIFTED AND TALENTED,15001.45,0.0,3
1465,Other,Other,LOCAL FUND,HUMAN CAPITAL,64920.880000000005,0.0,4
1466,Other,Other,LOCAL FUND,INCLUSIVE ACADEMIC PROGRAMS,733602.4100000001,0.0,3
1467,Other,Other,LOCAL FUND,INSTRUCTIONAL SUPERINTENDENT CLUSTER VI,-0.7,0.0,1
1468,Other,Other,LOCAL FUND,INSTRUCTIONAL SUPERINTENDENTS,155598.48,0.0,5
1469,Other,Other,LOCAL FUND,LOGISTICS,3449921.9699999997,0.0,9
1470,Other,Other,LOCAL FUND,LONG TERM SUBSTITUTES,1737452.0999999999,0.0,3
1471,Other,Other,LOCAL FUND,NON - PUBLIC PLACEMENT,52498.67999999999,0.0,2
1472,Other,Other,LOCAL FUND,OFFICE OF BILINGUAL EDUCATION,18739.96,0.0,2
1473,Other,Other,LOCAL FUND,OFFICE OF COMMUNICATIONS & PUBLIC INFO,304751.01,0.0,4
1474,Other,Other,LOCAL FUND,OFFICE OF HUMAN RESOURCES,934170.59,0.0,8
1475,Other,Other,LOCAL FUND,OFFICE OF INFORMATION TECHNOLOGY,3093873.93,0.0,5
1476,Other,Other,LOCAL FUND,OFFICE OF STANDARDS AND CURRICULUM,2942183.52,0.0,4
1477,Other,Other,LOCAL FUND,OFFICE OF THE CHANCELLOR,9133.24,0.0,1
1478,Other,Other,LOCAL FUND,OFFICE OF THE CHIEF ACADEMIC OFFICER,999.11,0.0,2
1479,Other,Other,LOCAL FUND,OFFICE OF THE CHIEF FINANCIAL OFFICER,579247.24,0.0,7
1480,Other,Other,LOCAL FUND,OFFICE OF THE CHIEF OF STAFF,160849.00999999998,0.0,5
1481,Other,Other,LOCAL FUND,OFFICE OF YOUTH ENGAGEMENT,217195.79,0.0,27
1482,Other,Other,LOCAL FUND,OSE EXTENDED SCHOOL YEAR,384401.29000000004,0.0,2
1483,Other,Other,LOCAL FUND,OSE RESOLUTION,1101517.8600000003,0.0,4
1484,Other,Other,LOCAL FUND,OTHER EXTRA DUTY PAY,535886.95,0.0,2
1485,Other,Other,LOCAL FUND,PARENT RESOURCE CENTER,131402.28,0.0,4
1486,Other,Other,LOCAL FUND,PARTNERSHIPS,10472.130000000001,0.0,3
1487,Other,Other,LOCAL FUND,PROCUREMENT DIVISION,280297.5,0.0,4
1488,Other,Other,LOCAL FUND,RELATED SERVICES,6877623.95,0.0,11
1489,Other,Other,LOCAL FUND,SCHOOL OPERATIONS,899116.77,0.0,4
1490,Other,Other,LOCAL FUND,SCHOOL SUPPORT,17500.52,0.0,3
1491,Other,Other,LOCAL FUND,SECURITY,13217500.110000001,0.0,4
1492,Other,Other,LOCAL FUND,SETTLEMENTS AND JUDGMENTS,199999.94,0.0,1
1493,Other,Other,LOCAL FUND,SPECIAL EDUCATION - LEA,3367510.42,0.0,7
1494,Other,Other,LOCAL FUND,STUDENT DATA SYSTEMS,773252.13,0.0,2
1495,Other,Other,LOCAL FUND,TEACHER EFFECTIVENESS DIVISION,519810.06,0.0,1
1496,Other,Other,LOCAL FUND,TEXTBOOKS,2526101.7,0.0,3
1497,Other,Other,LOCAL FUND,,23458576.119999,0.0,2079
1498,Other,Other,Liability Self-Insurance,,800002.41,0.0,2
1499,Other,Other,Locally Funded Special Revenue Funds,School ,15337.95,0.0,5
1500,Other,Other,MILLAGE                  ,DISTRICT-WIDE PROGRAMS        ,12016409.3,0.0,4
1501,Other,Other,MILLAGE                  ,EXEC DIR INFO/INSTRUC TECH SER,999489.09,0.0,1
1502,Other,Other,Management Information System,,89012.42000000001,0.0,22
1503,Other,Other,Miscellaneous Federal Grants,SR PRINCIPALS,120105.406447,1.0,1
1504,Other,Other,Miscellaneous Federal Grants,,689939.2045920005,0.0,1335
1505,Other,Other,Miscellaneous State Grants,SR CLASSIFIED SLRY/HRLY/DA,89484.0115415,2.0,2
1506,Other,Other,Miscellaneous State Grants,,834944.2500000001,0.0,972
1507,Other,Other,Other Grants,EN CLASSIFIED SLRY/HRLY/DA,31956.29,1.0,1
1508,Other,Other,Other Grants,EN OTH CERTIFICATED PERSON,49255.34,1.0,1
1509,Other,Other,Other Grants,EN PRINCIPALS,93999.19,1.0,1
1510,Other,Other,Other Grants,EN SECURITY,54262.78999999999,2.0,2
1511,Other,Other,Other Grants,IN CLASSIFIED SLRY/HRLY/DA,28614.4,1.0,1
1512,Other,Other,Other Grants,IN OTH CERTIFICATED PERSON,149944.24,2.0,2
1513,Other,Other,Other Grants,IN SECURITY,27233.15,1.0,1
1514,Other,Other,Other Grants,INTERNAL AUDIT DIVISION,75854.43000000001,1.0,1
1515,Other,Other,Other Grants,PSYCHOLOGICAL SERVICES OFF,77477.54000000001,1.0,1
1516,Other,Other,Other Grants,"RESEARCH, EVALUATION & ASSESSMENT",45910.87,1.0,1
1517,Other,Other,Other Grants,SR OTH CERTIFICATED PERSON,1001759.71,16.0,16
1518,Other,Other,Other Grants,,71484.30453210002,1.0,2
1519,Other,Other,PRIVATE DONATIONS,,14959.119999999999,0.0,7
1520,Other,Other,PRIVATE GRANT FUND,"ACCOUNTABILITY, TESTING, RESEARCH & EVAL",81702.58,0.0,1
1521,Other,Other,PRIVATE GRANT FUND,CENTRAL ADMINISTRATION SCHOOL - ELEM,633546.97,0.0,1
1522,Other,Other,PRIVATE GRANT FUND,EARLY CHILDHOOD ED AND HEAD START,1.5,0.0,3
1523,Other,Other,Permanent Improvement,BUILDING OPERATIONS SECTION,47408.99000000001,1.0,1
1524,Other,Other,Permanent Improvement,FACILITIES OFFICE,72429.17,1.0,1
1525,Other,Other,Permanent Improvement,SUPERINTENDENT'S DEPARTMENT,143930.94,1.0,1
1526,Other,Other,Permanent Improvement,TREASURY DEPARTMENT,60356.55,1.0,1
1527,Other,Other,Permanent Improvement,,19460018.73,0.0,255
1528,Other,Other,Pre-Kindergarten (Lottery),ADMIN. SERVICES,150906.33,2.0,103
1529,Other,Other,Pre-Kindergarten (Lottery),,4315205.3887039,153.0,153
1530,Other,Other,Principal Accounts-Activity Funds,ADMIN. SERVICES,16366566.74,0.0,1
1531,Other,Other,Principal Accounts-Governmental Funds,ADMIN. SERVICES,2855072.08,0.0,1
1532,Other,Other,Public School Preschool,EN OTH CERTIFICATED PERSON,101689.594016,1.0,1
1533,Other,Other,Public School Preschool,IN CLASSIFIED SLRY/HRLY/DA,46467.5567377,1.0,1
1534,Other,Other,Public School Preschool,,39918.63,0.0,11
1535,Other,Other,Public School Support,,289028.2,0.0,124
1536,Other,Other,RESERVED FOR K-12 GRANTS FROM SOURCES OTHER THAN STATE OR FEDERAL,ADMIN. SERVICES,179470.72999999998,1.25,65
1537,Other,Other,RESERVED FOR K-12 GRANTS FROM SOURCES OTHER THAN STATE OR FEDERAL,PROF. LEARNING,19796.59,0.0,6
1538,Other,Other,RESERVED FOR K-12 GRANTS FROM SOURCES OTHER THAN STATE OR FEDERAL,,46791.294,0.6,3
1539,Other,Other,RESERVED FOR NON DOE DIRECT FEDERAL FUNDS FOR K-12,ADMIN. SERVICES,1257934.7051,3.43,429
1540,Other,Other,RESERVED FOR NON DOE DIRECT FEDERAL FUNDS FOR K-12,PROF. LEARNING,741.92,0.0,1
1541,Other,Other,RESERVED FOR NON DOE DIRECT FEDERAL FUNDS FOR K-12,,173077.55,1.0,86
1542,Other,Other,Race to the Top,CHIEF ACADEMIC OFFICER,51077.685643,0.5,1
1543,Other,Other,Race to the Top,ES OTH CERTIFICATED PERSON,106759.976894,1.0,1
1544,Other,Other,Race to the Top,HUMAN RESOURCES DEPARTMENT,99221.4334784,1.0,1
1545,Other,Other,Race to the Top,SR CLASSIFIED SLRY/HRLY/DA,918100.2424139,14.0,14
1546,Other,Other,Race to the Top,SUPERINTENDENT'S DEPARTMENT,185580.1884848,2.0,2
1547,Other,Other,Race to the Top,,11806002.1387796,1.0,149
1548,Other,Other,Refugee Children School Impact Act,,39811.94,0.0,70
1549,Other,Other,SALES TAX                     ,DISTRICT-WIDE PROGRAMS        ,9604255.24,0.0,1
1550,Other,Other,SALES TAX REVENUE BONDS       ,DISTRICT-WIDE PROGRAMS        ,2183807.74,0.0,9
1551,Other,Other,SELF-FUNDED HEALTH INSURANCE  ,DISTRICT-WIDE PROGRAMS        ,30870807.67,0.0,4
1552,Other,Other,SELF-FUNDED HEALTH INSURANCE  ,RISK MANAGEMENT               ,99891.2920269,3.0,6
1553,Other,Other,SELF-FUNDED HEALTH INSURANCE  ,WELLNESS CENTER,1419463.84,0.0,40
1554,Other,Other,SPECIAL ACT BONDS             ,FINANCE & PAYROLL             ,1042935.24,0.0,1
1555,Other,Other,SPECIAL PURPOSE REVENUE FUNDS,"FIXED COSTS (RENT, WATER, UTILITIES)",119590.56,0.0,1
1556,Other,Other,SPECIAL PURPOSE REVENUE FUNDS,FOOD SERVICES DIVISION,874635.44,0.0,2
1557,Other,Other,SPECIAL PURPOSE REVENUE FUNDS,OFFICE OF COMMUNITY & EDUCATION PROGRAMS,249999.47,0.0,2
1558,Other,Other,SPECIAL PURPOSE REVENUE FUNDS,OFFICE OF FACILITIES MANAGEMENT,0.88,0.0,2
1559,Other,Other,SPECIAL PURPOSE REVENUE FUNDS,OFFICE OF INFORMATION TECHNOLOGY,7588625.92,0.0,3
1560,Other,Other,SPECIAL PURPOSE REVENUE FUNDS,REALTY,226924.62,0.0,1
1561,Other,Other,SPECIAL PURPOSE REVENUE FUNDS,SCHOOL OPERATIONS,637546.72,0.0,1
1562,Other,Other,SPECIAL PURPOSE REVENUE FUNDS,SECURITY,231355.3,0.0,1
1563,Other,Other,SPECIAL PURPOSE REVENUE FUNDS,TEMPORARY SCHOOL-ELEM,0.04999999999999999,0.0,2
1564,Other,Other,SPECIAL PURPOSE REVENUE FUNDS,,-0.11,0.0,3
1565,Other,Other,STATE GRANT                   ,FINANCE & PAYROLL             ,73.92,0.0,1
1566,Other,Other,STATE GRANT                   ,PUBLIC SAFETY COMPLEX CHARTER ,50967.719999999994,0.0,5
1567,Other,Other,STATE GRANT                   ,STUDENT SERVICES              ,3923.17952692,0.147467294277,1
1568,Other,Other,STATE GRANT                   ,School ,20739.06051399,0.594778879822,3
1569,Other,Other,STATE GRANT                   ,TECHNICAL CHARTER,77662.0,0.0,2
1570,Other,Other,School Building Assistance Limited,,0.020000000378786353,0.0,18
1571,Other,Other,School Federal Projects,Central Office,1668895.317628361,19.737465592891,42
1572,Other,Other,School Federal Projects,District Wide Resources,16877534.557448626,98.76885158671223,989
1573,Other,Other,School Federal Projects,,25780251.351706732,739.8490893124518,4686
1574,Other,Other,School Net Professional Development,,39.970000000000596,0.0,13
1575,Other,Other,School Nutrition Service Fund,ADMIN. SERVICES,4559607.5,6.84,185
1576,Other,Other,School Nutrition Service Fund,Consolidated School Nutrition,2093146.8940307,36.7,41
1577,Other,Other,School Nutrition Service Fund,Transportation,22564.2,0.73,1
1578,Other,Other,School Nutrition Service Fund,,28701133.0407772,517.07,2446
1579,Other,Other,School Projects,Central Office,213667.27295080002,3.140957038912,6
1580,Other,Other,School Projects,District Wide Resources,4750226.509716444,33.48227215491,206
1581,Other,Other,School Projects,,345259.8481501917,2.139542777125,181
1582,Other,Other,School to Work,,978.0000000002813,0.0,138
1583,Other,Other,Schoolwide Schools,,3404814.54375769,99.2,985
1584,Other,Other,Special Education,ADMIN. SERVICES,2434211.795,7.0,370
1585,Other,Other,Special Education,NORTH METRO,522984.13840560004,17.0,17
1586,Other,Other,Special Education,SOUTH METRO,483031.5078737,18.0,18
1587,Other,Other,Special Education,,16720951.443367502,556.1999999999999,562
1588,Other,Other,Special Trust,CHIEF ACADEMIC OFFICER,101329.08,2.0,2
1589,Other,Other,Special Trust,GENERAL EDUCATION DIVISION,29927.95,1.0,1
1590,Other,Other,Special Trust,OFFICE OF INNOVATION,104157.44,1.0,2
1591,Other,Other,Special Trust,SR CLASSIFIED SLRY/HRLY/DA,28445.21,1.0,1
1592,Other,Other,Special Trust,SUPERINTENDENT'S DEPARTMENT,210703.925,2.5,5
1593,Other,Other,Special Trust,TREASURY DEPARTMENT,160000.19,2.0,2
1594,Other,Other,Special Trust,,13798333.6672133,3.0,6661
1595,Other,Other,State or Local Funds,,441643.5689,7.28088,26
1596,Other,Other,Student Managed Activity,,404566.82,0.0,110
1597,Other,Other,TARGETED ARRA STIMULUS FUNDS  ,EXEC DIR INFO/INSTRUC TECH SER,25443.25,0.0,3
1598,Other,Other,TARGETED ARRA STIMULUS FUNDS  ,FED COMPENSATORY ED PROG      ,82215.12101460001,1.521549825835,36
1599,Other,Other,TARGETED ARRA STIMULUS FUNDS  ,School ,654026.44985266,4.9673288065831,156
1600,Other,Other,TITLE III,ADMIN. SERVICES,318695.95,2.0,104
1601,Other,Other,TITLE III,,236727.28,3.0,4
1602,Other,Other,TITLE IV,ADMIN. SERVICES,5046.0700000000015,0.0,1
1603,Other,Other,TRUST FUND   ,School ,3599.73,0.0,1
1604,Other,Other,Title  School Improvement Stimulus A,,203069.53999999992,0.0,141
1605,Other,Other,Title  School Improvement Stimulus G,CHIEF ACADEMIC OFFICER,774863.37566899,8.0,66
1606,Other,Other,Title  School Improvement Stimulus G,EN CLASSIFIED SLRY/HRLY/DA,394685.3094801,8.0,13
1607,Other,Other,Title  School Improvement Stimulus G,EN OTH CERTIFICATED PERSON,759878.759921,7.0,11
1608,Other,Other,Title  School Improvement Stimulus G,EN PRINCIPALS,230107.479174,2.0,2
1609,Other,Other,Title  School Improvement Stimulus G,ES OTH CERTIFICATED PERSON,104261.479554,1.0,1
1610,Other,Other,Title  School Improvement Stimulus G,GENERAL EDUCATION DIVISION,124500.3026455,2.0,20
1611,Other,Other,Title  School Improvement Stimulus G,IN OTH CERTIFICATED PERSON,105523.657817,1.0,1
1612,Other,Other,Title  School Improvement Stimulus G,SR OTH CERTIFICATED PERSON,629859.0603743,6.0,6
1613,Other,Other,Title  School Improvement Stimulus G,,6942374.163707,1.0,1022
1614,Other,Other,Title I,ADMIN. SERVICES,9107499.487715,79.5,540
1615,Other,Other,Title I,,5121069.7703493,63.8,654
1616,Other,Other,Title I - Disadvantaged Children/Targeted Assistance,BUDGET DIVISION,190879.0861147,2.35,3
1617,Other,Other,Title I - Disadvantaged Children/Targeted Assistance,CHIEF ACADEMIC OFFICER,962415.5538943,10.8103,11
1618,Other,Other,Title I - Disadvantaged Children/Targeted Assistance,COMPENSATORY EDUCATION DIV,932204.0999148,15.0,16
1619,Other,Other,Title I - Disadvantaged Children/Targeted Assistance,EN OTH CERTIFICATED PERSON,9221214.222799301,93.0,99
1620,Other,Other,Title I - Disadvantaged Children/Targeted Assistance,ES OTH CERTIFICATED PERSON,4120101.2148086997,41.0,42
1621,Other,Other,Title I - Disadvantaged Children/Targeted Assistance,GENERAL EDUCATION DIVISION,377814.9995614,5.0,5
1622,Other,Other,Title I - Disadvantaged Children/Targeted Assistance,IN CLASSIFIED SLRY/HRLY/DA,38330.5074639,1.0,1
1623,Other,Other,Title I - Disadvantaged Children/Targeted Assistance,IN OTH CERTIFICATED PERSON,3512716.8146612,35.0,35
1624,Other,Other,Title I - Disadvantaged Children/Targeted Assistance,NON-PUBLIC SCHOOLS OFFICE,175954.43,2.4,3
1625,Other,Other,Title I - Disadvantaged Children/Targeted Assistance,PSYCHOLOGICAL SERVICES OFF,108880.75558599998,1.0,1
1626,Other,Other,Title I - Disadvantaged Children/Targeted Assistance,PURCHASING DIVISION,56347.3041015,1.0,1
1627,Other,Other,Title I - Disadvantaged Children/Targeted Assistance,SCHOOL IMPROVEMENT CENTER,3417030.416889,34.0,34
1628,Other,Other,Title I - Disadvantaged Children/Targeted Assistance,SR OTH CERTIFICATED PERSON,4228711.4100009,44.0,45
1629,Other,Other,Title I - Disadvantaged Children/Targeted Assistance,SUPERINTENDENT'S DEPARTMENT,308967.3242175,5.0,5
1630,Other,Other,Title I - Disadvantaged Children/Targeted Assistance,TREASURY DEPARTMENT,73059.2560835,1.0,1
1631,Other,Other,Title I - Disadvantaged Children/Targeted Assistance,,24654894.821847897,7.0,20667
1632,Other,Other,Title I Priority Schools Grant Program,School ,2015053.4621514,2.0,4
1633,Other,Other,Title I- Part A,Primary Center,-0.75,0.0,3
1634,Other,Other,Title I- Part A,School ,934340.3636953,19.5,88
1635,Other,Other,Title I- Part A,,31799054.25,0.0,2
1636,Other,Other,Title I- Part D ,,363730.42,0.0,2
1637,Other,Other,Title II,ADMIN. SERVICES,976123.4261292,5.0,49
1638,Other,Other,Title II,PROF. LEARNING,735528.9500000001,1.0,318
1639,Other,Other,Title II,,123732.12,1.0,58
1640,Other,Other,Title II D - Technology,,103.1200000000116,0.0,6
1641,Other,Other,Title III - Limited English Proficiency,BILINGUAL/MULTICULTURAL OF,48522.4254796,1.0,1
1642,Other,Other,Title III - Limited English Proficiency,CHIEF ACADEMIC OFFICER,220682.1082755,3.0,3
1643,Other,Other,Title III - Limited English Proficiency,ES CLASSIFIED SLRY/HRLY/DA,48522.4854796,1.0,1
1644,Other,Other,Title III - Limited English Proficiency,,212026.38000000012,0.0,228
1645,Other,Other,"Title III, Part A-LEP, English Language Acquisition & Language Enhancement",,2321953.47,0.0,1
1646,Other,Other,Title III-B Homeless children,,162500.44,0.0,2
1647,Other,Other,Title Iii Part A - Lep,Administration - No Description Provided,6664.09040660086,0.15,32
1648,Other,Other,Trust And Agency Funds,ADMIN. SERVICES,477482.83999999997,6.0,6
1649,Other,Other,Visually Impaired,,26000.02,0.0,1
1650,Other,Other,Voc Ed- Basic Grant,School to Work,0.53,0.0,3
1651,Other,Other,Voc Ed- Basic Grant,,1051743.52,0.0,2
1652,Other,Other,Vocational Basic Ed.,Unallocated,17915.82,0.0,3
1653,Other,Other,Vocational Basic Ed.,Undistributed,23724.26,0.0,1
1654,Other,Other,Vocational Education Enhancement,,24967.379999999997,0.0,6
1655,Other,Other,Vocational Education-Federal Funded,ADMIN. SERVICES,317637.986,0.3,143
1656,Other,Other,Vocational Education-Federal Funded,,327302.34,0.0,236
1657,Other,Other,Vocational Education: Carl D. Perkins Vocational Education Act of ,CHIEF ACADEMIC OFFICER,604086.6775123001,7.0,7
1658,Other,Other,Vocational Education: Carl D. Perkins Vocational Education Act of ,SYSTEMS ANALYSIS SECTION,9080.95017843,0.11,1
1659,Other,Other,Vocational Education: Carl D. Perkins Vocational Education Act of ,,1450969.9196453998,2.0,385
1660,Other,Other,,"ACCOUNTABILITY, TESTING, RESEARCH & EVAL",672088.0293784,7.0,7
1661,Other,Other,,ADMIN. SERVICES,637858.810455,10.5,89
1662,Other,Other,,ADMISSIONS AND STUDENT RECORDS,21408.640607200003,0.1287800326958,55
1663,Other,Other,,ADVANCED PROGRAMS,568953.0491591,6.0,6
1664,Other,Other,,ALL CITY ATH FIELD - SOUTH,471678.41000000003,0.0,2
1665,Other,Other,,ALL SCHOOLS-UNDISTRIBUTED,1448939.6941596377,1.85031789897201,85
1666,Other,Other,,ALL SECONDARY SCHOOLS,396528.01,0.0,3
1667,Other,Other,,ALTERNATIVE ED / CONSTITUENCY,70889.6360347,0.9166880146759999,12
1668,Other,Other,,ARTS CENTER,1701296.6450870999,28.25,38
1669,Other,Other,,ASSESSMENT & RESEARCH,2157428.203365184,19.864109687656434,380
1670,Other,Other,,ATHLETICS,1771620.9363511,18.0,18
1671,Other,Other,,ATHLETICS & STUDENT ACTIVITIES,349999.22,0.0,1
1672,Other,Other,,BOARD OF EDUCATION,218847.09713719998,1.0,47
1673,Other,Other,,BUDGETARY SERVICES,75520.901321,1.0000207555,7
1674,Other,Other,,CENTRAL ADMINISTRATION SCHOOL - SHS,822005.197481,8.71,9
1675,Other,Other,,CENTRAL OFFICE SUPPORT,1927770.4593657,20.875,21
1676,Other,Other,,CHARTER SCHOOL,469855.04000000004,0.0,9
1677,Other,Other,,CHIEF ACADEMIC OFFICER,70836.35693402501,0.00915948275862,8
1678,Other,Other,,CHIEF OF DATA AND ACCOUNTABILITY,801089.3926307,9.0,9
1679,Other,Other,,CHIEF OF SCHOOLS,1324966.95112354,14.384,16
1680,Other,Other,,CHIEF OF TEACHING & LEARNING,203294.56997269997,2.0,2
1681,Other,Other,,CHIEF OPERATING OFFICER,4418212.688486426,30.49899498013029,424
1682,Other,Other,,COMMUNITY EDUCATION,16155.08,0.0,25
1683,Other,Other,,COMPLIANCE DIVISION,517534.4924897,6.0,6
1684,Other,Other,,CONSTRUCTION SERVICES,4101594.119525447,47.1681464476695,665
1685,Other,Other,,CRITICAL RESPONSE TEAM,235103.00967970002,5.0,5
1686,Other,Other,,CUSTOMER RELATIONS MANAGEMENT,88590.8973573,0.99323354547,5
1687,Other,Other,,Consolidated School Nutrition,22574.510000000002,0.733,2
1688,Other,Other,,DEPARTMENT OF TECHNOLOGY SERVI,3440549.7601206405,0.713782898413,37
1689,Other,Other,,DIFFERENTIATED INSTRUCTION,128913.546463,1.0,1
1690,Other,Other,,DISBURSING,2310672.19,0.0,2
1691,Other,Other,,DISTRICT COMMUNITY RELATIONS,512668.97174218995,3.6285477658233996,64
1692,Other,Other,,DISTRICT WIDE ORGANIZATION UNI,145137469.97,0.0,22
1693,Other,Other,,EARLY CHILD ED & HEADSTART (ADMIN PRG),767532.0519798,9.0,18
1694,Other,Other,,EARLY CHILDHOOD ED AND HEAD START,6957012.391923251,119.595,223
1695,Other,Other,,EARLY CHILDHOOD EDUCATION,876244.1577712448,9.89562457897784,339
1696,Other,Other,,EARLY STAGES,5658619.1887305295,81.19200000000001,164
1697,Other,Other,,ED RESOURCE SERVICES,251454.7612391972,0.10937274220027,8
1698,Other,Other,,EDUCATIONAL SERVICES,60592.091421177,0.37613062058678004,7
1699,Other,Other,,ELEMENTARY EDUCATION,635751.4914984601,0.150793650794,33
1700,Other,Other,,EMPLOYEE BENEFITS,653093.299114992,7.8018269179796,56
1701,Other,Other,,EMPLOYEE RELATIONS,124297.94,0.0,1
1702,Other,Other,,ENGLISH FOR SPEAKERS OF OTHER,20627.22899893,0.18875498002649987,9
1703,Other,Other,,FACILITY SERVICES,1618386.6590473002,0.25000529835,66
1704,Other,Other,,FAMILY & COMMUNITY ENGAGEMENT,582004.6185884,8.0,8
1705,Other,Other,,FEDERAL PROGRAMS-ADMIN,10713.59857965,0.198074074074,6
1706,Other,Other,,FEDERAL PROGRAMS/EXTERNAL RESO,1825096.8209836006,6.02871153605195,295
1707,Other,Other,,FOOD AND NUTRITION SERVICES,209716.84843309998,0.916681844325,13
1708,Other,Other,,FOOD SERVICES DIVISION,839829.0519071,11.0,11
1709,Other,Other,,GARAGE,5167.34,0.0,3
1710,Other,Other,,GARAGE ANNEX,9429.24,0.0,2
1711,Other,Other,,GENERAL LEDGER ACCOUNTING,581742.21637227,7.5196383072101,56
1712,Other,Other,,GIFTED AND TALENTED,1024751.890076698,11.714280825181978,139
1713,Other,Other,,GUIDANCE AND COUNSELING,191161.2174901,2.0,2
1714,Other,Other,,HIGH SCHOOL EDUCATION,1652144.700911155,1.5042674190034797,98
1715,Other,Other,,HUMAN CAPITAL,5121620.5827505,55.0,55
1716,Other,Other,,HUMAN CAPITAL LEADERSHIP,166860.220921,1.0,1
1717,Other,Other,,HUMAN RESOURCES,504695.63887480006,3.9237639054919997,23
1718,Other,Other,,HUMANITIES,678015.4523790901,6.3965202392183,51
1719,Other,Other,,INCLUSIVE ACADEMIC PROGRAMS,2109729.0408516,25.0,25
1720,Other,Other,,INSTRUCTIONAL NETWORKS,44593.4621081,0.499999112564,4
1721,Other,Other,,INSTRUCTIONAL SUPERINTENDENTS,3205505.94668,27.0,27
1722,Other,Other,,INTENTIONAL SCHOOL CULTURE,38868.85,0.0,2
1723,Other,Other,,INTERAGY COLL & SVC INTER COMM,137763.26225600002,2.0,2
1724,Other,Other,,INTERDISCIPLINARY,1157671.171044924,7.03606204881077,135
1725,Other,Other,,INTERNATIONAL PROGRAMS,0.0,1.0,1
1726,Other,Other,,IST - SYSTEMS SUPPORT,945112.439570783,3.61653416060183,57
1727,Other,Other,,JROTC,277911.01676160004,4.0,8
1728,Other,Other,,"KIDS, INC",61658.2797713,0.9945964704,6
1729,Other,Other,,LANGUAGE SCHOOL,300.46,0.0,1
1730,Other,Other,,LEADERSHIP DEVELOPMENT,287615.336067333,1.7941812309346798,46
1731,Other,Other,,LIBRARY MEDIA SERVICES,94673.0943872,1.0,1
1732,Other,Other,,LOGISTICS,787915.4846718,12.0,12
1733,Other,Other,,MAINTENANCE,91820.76578315001,0.8598124262903,21
1734,Other,Other,,MANUAL COMPLEX,2590328.88,0.0,7
1735,Other,Other,,MATERIALS MANAGEMENT,95825.98,0.0,2
1736,Other,Other,,MATH / SCIENCE,737970.14850245,7.7178835236348,180
1737,Other,Other,,MIDDLE SCHOOL EDUCATION,399916.50143999996,0.0,473
1738,Other,Other,,MULTILINGUAL OUTREACH,326321.72258895,3.9166140012922996,76
1739,Other,Other,,NON - PUBLIC PLACEMENT,957551.7188138,12.0,12
1740,Other,Other,,NORTH METRO,8046.84,0.0,4
1741,Other,Other,,OFC COM & ED PROG-AFTER SCHOOL AIDES,764941.260202539,20.524,822
1742,Other,Other,,OFC COM & ED PROG-AFTER SCHOOL COOR (PT),529246.26782752,11.0,44
1743,Other,Other,,OFC COM & ED PROG-AFTER SCHOOL COORD,4627017.7060034005,89.0,178
1744,Other,Other,,OFC COM & ED PROG-CENTRAL ADMINISTRATION,798068.80812,9.0,18
1745,Other,Other,,OFFICE OF BILINGUAL EDUCATION,2648116.5949536003,26.5,28
1746,Other,Other,,OFFICE OF CAREER AND TECHNICAL EDUCATION,768832.3885632,9.334,10
1747,Other,Other,,OFFICE OF COMMUNICATIONS & PUBLIC INFO,493342.80776440003,6.0,6
1748,Other,Other,,OFFICE OF COMMUNITY & EDUCATION PROGRAMS,2800605.91266888,33.050000000000004,1320
1749,Other,Other,,OFFICE OF FEDERAL PROGRAM & GRANTS,1575583.2312562,22.5,24
1750,Other,Other,,OFFICE OF HUMAN RESOURCES,3460757.1082609,49.5,53
1751,Other,Other,,OFFICE OF SCHOOL INNOVATION,1120679.5357039,13.0,13
1752,Other,Other,,OFFICE OF STANDARDS AND CURRICULUM,1813169.2752728001,19.0,19
1753,Other,Other,,OFFICE OF THE CHANCELLOR,937627.2199821,9.0,10
1754,Other,Other,,OFFICE OF THE CHIEF FINANCIAL OFFICER,4060618.2370782,53.166,54
1755,Other,Other,,OFFICE OF THE CHIEF OF STAFF,666647.8608329,7.0,7
1756,Other,Other,,OFFICE OF YOUTH ENGAGEMENT,3590797.2298113,43.125,44
1757,Other,Other,,ONLINE SCHOOL,70713.4570687,0.989136181722,12
1758,Other,Other,,OPPORTUNITY SCHOOL,13728296.94160905,140.4795180243544,1547
1759,Other,Other,,OSE RESOLUTION,2013445.3838474,30.0,30
1760,Other,Other,,PARENT RESOURCE CENTER,261182.25456089998,3.0,3
1761,Other,Other,,PARTNERSHIPS,615083.2524956,7.0,7
1762,Other,Other,,PRINCIPAL EFFECTIVENESS DIVISION,339915.8004208,3.0,3
1763,Other,Other,,PRIVATE SCHOOLS,221483.83000000002,0.0,6
1764,Other,Other,,PROCUREMENT DIVISION,1871854.1886966,21.0,21
1765,Other,Other,,PROFESSIONAL DEVELOPMENT,3626604.81248657,38.692,40
1766,Other,Other,,PSYCHOLOGICAL SERVICES,519730.127113356,6.54372550685942,106
1767,Other,Other,,PUBLIC INFORMATION AND SERVICE,225538.88966042,3.2300362007450003,52
1768,Other,Other,,REALTY,156986.49334030002,2.0,2
1769,Other,Other,,RECRUITMENT & SELECTION DIVISION,956982.1878615,16.0,16
1770,Other,Other,,REGISTRAR,510475.670838015,9.1626811102696,102
1771,Other,Other,,RELATED SERVICES,21739691.5612078,237.0,237
1772,Other,Other,,SAFETY AND SECURITY,2586596.514383878,43.12226987371178,275
1773,Other,Other,,SCHOOL ATTORNEY,122838.18,0.0,1
1774,Other,Other,,SCHOOL CHOICE,-24838.269999999997,0.0,4
1775,Other,Other,,SCHOOL IMPROVEMENT-SECTION ,79487.96415849999,1.0,1
1776,Other,Other,,SCHOOL NURSE SERVICES,488412.507341628,8.3144035971894,136
1777,Other,Other,,SCHOOL OPERATIONS,1891236.8822857,20.0,20
1778,Other,Other,,SCHOOL PERFORMANCE/RESTRUCTURING,1014575.3033471,12.0,12
1779,Other,Other,,SCHOOL SUPPORT,10125614.147368468,279.484,617
1780,Other,Other,,SCHOOL/COMMUNITY PARTNERSHIPS,144725.639820671,1.9340486650611002,28
1781,Other,Other,,SECONDARY PATHWAYS,850390.7571171601,10.950254750582,153
1782,Other,Other,,SECURITY,2204560.9352754,42.0,42
1783,Other,Other,,SERVICE BUILDING,252843.88999999998,0.0,5
1784,Other,Other,,SOCIAL WORK SERVICES,466352.47220170003,5.9380357381088995,111
1785,Other,Other,,SOUTH METRO,8072.719999999999,0.0,2
1786,Other,Other,,SPECIAL EDUCATION,22949242.050206237,212.2119453833533,2809
1787,Other,Other,,SPECIAL EDUCATION - LEA,5106953.6251268005,64.0,64
1788,Other,Other,,STRATEGY OFFICE,120538.0817152,0.9484045958821,16
1789,Other,Other,,STUDENT DATA SYSTEMS,728752.6514610001,10.0,10
1790,Other,Other,,SUMMER SCHOOL - ELEMENTARY SCH,163322.3405249865,2.7117829203684565,122
1791,Other,Other,,SUMMER SCHOOL - HIGH SCHOOLS,71799.2479460273,1.1713356598589,44
1792,Other,Other,,SUMMER SCHOOL - MIDDLE SCHOOLS,67378.8918630265,1.1865558128544498,42
1793,Other,Other,,SUPERINTENDENT OF SCHOOLS,191199.86260001,1.1561214791385996,26
1794,Other,Other,,TEACHER EFFECTIVENESS,1111068.605331169,7.669298214280889,335
1795,Other,Other,,TEACHER EFFECTIVENESS DIVISION,752196.6794931,10.0,10
1796,Other,Other,,TEACHER LEARNING & LEADERSHIP,452007.73505834,1.3462200585789998,173
1797,Other,Other,,TEACHER LED SCHOOL K-8,1041.20828562,0.0502924965993,1
1798,Other,Other,,TECHNOLOGY ENTERPRISE APPS,108293.55297289998,1.0000196661299998,4
1799,Other,Other,,TECHNOLOGY IMPROVEMENTS,71662.35,0.0,5
1800,Other,Other,,TITLE I - EDUCATIONAL OUTREACH,3354.17,0.0,3
1801,Other,Other,,TRANSFORMATION MANAGEMENT OFFICE,843765.97458167,9.192,10
1802,Other,Other,,TRANSPORTATION,287611.7,0.0,17
1803,Other,Other,,Transportation,96498.65000000001,6.0,50
1804,Other,Other,,VISITING TEACHERS,920099.526202,9.0,9
1805,Other,Other,,VOCATIONAL/TECHNICAL SCHOOLS,-5636.839999999998,0.0,2
1806,Other,Other,,,1841863128.7947872,19558.83106721506,29853
1807,Other,Plant Maintenance & Operations,General Fund,Bilingual / ESL,1638.27767664,0.0,1
1808,Other,Plant Maintenance & Operations,General Fund,Center,67397.86,0.0,2
1809,Other,Plant Maintenance & Operations,General Fund,Early Childhood Center,233593.19388786,2.0,4
1810,Other,Plant Maintenance & Operations,General Fund,Pre-K Center,500.14,0.0,1
1811,Other,Plant Maintenance & Operations,General Fund,Prekindergarten Demonstration School,112282.02741729999,3.0,4
1812,Other,Plant Maintenance & Operations,General Fund,School ,12511.627077257,0.0,5
1813,Other,Plant Maintenance & Operations,Title I- Part A,School ,744.762,0.0,2
1814,Other,School Leadership,"""Title  Part A Improving Basic Programs""",School ,61098.403799423904,0.0,173
1815,Other,School Leadership,"""Title  Part A Improving Basic Programs""",Summer School,180363.920839889,0.0,169
1816,Other,School Leadership,Campus Activity Funds,School ,1301.5400000000004,0.0,4
1817,Other,School Leadership,General Fund,Early Childhood Center,264820.498261927,4.0,13
1818,Other,School Leadership,General Fund,Elementary DAEP,-0.48,0.0,1
1819,Other,School Leadership,General Fund,Independence,498911.562813521,7.0,24
1820,Other,School Leadership,General Fund,Pre-K Center,123668.90109181199,2.0,8
1821,Other,School Leadership,General Fund,Prekindergarten Demonstration School,76736.01274473,2.0,10
1822,Other,School Leadership,General Fund,School ,346954.278857462,5.4,35
1823,Other,School Leadership,General Fund,Secondary Alternative Learning Center,384710.95845494804,6.0,15
1824,Other,School Leadership,General Operating Fund,School ,455704.7315004527,9.09,42
1825,Other,School Leadership,General Operating Fund,Summer School,12022.97724263,0.0,15
1826,Other,School Leadership,Title I Priority Schools Grant Program,School ,817861.36944514,7.4688,16
1827,Other,School Leadership,Title I- Part A,Primary Center,497.61800000000005,0.0,1
1828,Other,School Leadership,Title I- Part A,School ,2058579.16056237,28.5,130
1829,Other,School Leadership,Title I- Part A,,998.46,0.5,3
1830,Other,School Leadership,Title Iii Part A - Lep,School ,453.594156786,0.0,2
1831,Other,School Leadership,Title Iii Part A - Lep,Summer School,1648.58,0.0,4
1832,Other,School Leadership,Voc Ed- Basic Grant,Center,2000.28,0.0,1
1833,Other,TITLE I,,ASSESSMENT & RESEARCH,119226.73814495001,1.3785154963041002,24
1834,Other,TITLE I,,ES TEAM ,1116903.200977914,12.8768442694221,87
1835,Other,TITLE I,,FEDERAL PROGRAMS/EXTERNAL RESO,1350377.4389509913,8.44928379853285,84
1836,Other,TITLE I,,HS TEAM ,320091.74810647004,3.5843275537479,30
1837,Other,TITLE I,,MS TEAM ,357808.99439300003,3.9265710510949,31
1838,Other,TITLE I,,SCHOOL CHOICE,85632.2588563,0.250004444444,9
1839,Other,TITLE I,,SUMMER SCHOOL - HIGH SCHOOLS,22138.015295870006,0.202368846553,5
1840,Other,TITLE I,,TITLE I - EDUCATIONAL OUTREACH,125430.23292360001,1.2040330037890001,12
1841,Other,TITLE I,,,1111117.049301539,14.47724836906335,194
1842,Other,TITLE I A - ARRA,,ALL SCHOOLS-UNDISTRIBUTED,107334.571652798,0.8334659090909599,51
1843,Other,TITLE I A - ARRA,,ASSESSMENT & RESEARCH,2970.870000000001,0.0,1
1844,Other,TITLE I A - ARRA,,FEDERAL PROGRAMS/EXTERNAL RESO,56985.96716680001,0.810629636364,5
1845,Other,TITLE I A - ARRA,,HUMANITIES,50263.98241319999,0.652702565834,5
1846,Other,TITLE I A - ARRA,,MATH / SCIENCE,45822.8255155,0.416675378392,5
1847,Other,TITLE I A - ARRA,,SUMMER SCHOOL - HIGH SCHOOLS,11009.725192342,0.38162809749741,9
1848,Other,TITLE I A - ARRA,,SUMMER SCHOOL - MIDDLE SCHOOLS,6930.310832158,0.10460696802745,8
1849,Other,TITLE I A - ARRA,,TITLE I - EDUCATIONAL OUTREACH,38559.62794769,0.7300009812963,20
1850,Other,TITLE I A - ARRA,,,87168.80621398,1.2973893292224998,38
1851,PRE-K,Community Services,"""Title  Part A Improving Basic Programs""",School ,43886.4247819425,0.0,20
1852,PRE-K,Community Services,Campus Activity Funds,School ,8322.560000000001,0.0,3
1853,PRE-K,Community Services,General Operating Fund,School ,263.12,0.0,2
1854,PRE-K,Community Services,Head Start,School ,6624.22,0.0,6
1855,PRE-K,Community Services,Head Start,Unallocated,17682.48,0.0,6
1856,PRE-K,Community Services,Idea Part B Formula,School ,1408.4034178779998,0.0,3
1857,PRE-K,Community Services,Title Iii Part A - Lep,School ,17861.1432499355,0.0,58
1858,PRE-K,Curriculum Development And Instructional Staff Dev,"""Title  Part A Improving Basic Programs""",School ,49484.238731122,0.0,46
1859,PRE-K,Curriculum Development And Instructional Staff Dev,"""Title  Part A Improving Basic Programs""",Summer School,10067.967421864,0.0,14
1860,PRE-K,Curriculum Development And Instructional Staff Dev,Campus Activity Funds,School ,4543.562116545,0.0,8
1861,PRE-K,Curriculum Development And Instructional Staff Dev,Esea Title Ii Part A Teacher & Principal Training,School ,4897.398419821,0.0,14
1862,PRE-K,Curriculum Development And Instructional Staff Dev,General Operating Fund,School ,7321.24,0.0,3
1863,PRE-K,Curriculum Development And Instructional Staff Dev,Head Start,School ,2135.9700000000003,0.0,5
1864,PRE-K,Curriculum Development And Instructional Staff Dev,Idea Part B Formula,School ,13805.055778376998,0.0,31
1865,PRE-K,Curriculum Development And Instructional Staff Dev,Idea Part B Preschool,Undistributed,1271.1,0.0,2
1866,PRE-K,Curriculum Development And Instructional Staff Dev,Title Iii Part A - Lep,School ,7951.560303472799,0.0,27
1867,PRE-K,Instruction,"""Title  Part A Improving Basic Programs""",School ,1592720.8782858476,25.77,158
1868,PRE-K,Instruction,"""Title  Part A Improving Basic Programs""",Summer School,9597.361943957001,0.0,13
1869,PRE-K,Instruction,Campus Activity Funds,School ,64769.6216072461,0.0,26
1870,PRE-K,Instruction,General Operating Fund,School ,16703926.421687987,336.27,1195
1871,PRE-K,Instruction,Head Start,School ,2482722.236347665,61.88,254
1872,PRE-K,Instruction,Idea B Preschool Deaf,School ,6751.33,0.0,4
1873,PRE-K,Instruction,Idea B Preschool Deaf,Undistributed,2890.7599999999998,0.0,2
1874,PRE-K,Instruction,Idea Part B Formula,School ,235767.9736799417,2.88,37
1875,PRE-K,Instruction,Idea Part B Formula,Summer School,1285.38,0.0,2
1876,PRE-K,Instruction,Idea Part B Preschool,School ,221355.3216105968,4.109999999999999,28
1877,PRE-K,Instruction,Idea Part B Preschool,Undistributed,24102.36,0.0,3
1878,PRE-K,Instruction,Lower Strands Prj.,Summer School,86650.80897431611,0.0,43
1879,PRE-K,Instruction,State Deaf Education,School ,99449.862169485,1.69,9
1880,PRE-K,Instruction,Title Iii Part A - Lep,School ,80411.043296394,1.01,41
1881,PRE-K,Instruction,Title Iii Part A - Lep,Summer School,233231.7357556277,0.0,107
1882,PRE-K,Instructional Leadership,Head Start,Unallocated,194514.30822111602,2.0,16
1883,PRE-K,Instructional Leadership,Idea Part B Formula,School ,2609.37,0.0,8
1884,PRE-K,Instructional Leadership,Idea Part B Preschool,School ,5140.08,0.0,3
1885,PRE-K,Instructional Leadership,Idea Part B Preschool,Undistributed,10122.05,0.0,1
1886,PRE-K,Other,Campus Activity Funds,School ,27672.920000000002,0.0,24
1887,PRE-K,Other,General Operating Fund,School ,1345701.0119818305,26.439999999999998,95
1888,PRE-K,Other,Head Start,School ,559877.1754328775,12.14,66
1889,PRE-K,Other,Idea B Preschool Deaf,School ,187.63,0.0,1
1890,PRE-K,Other,Idea Part B Formula,School ,193974.77777654422,4.0,40
1891,PRE-K,Other,Idea Part B Formula,Summer School,33464.9615294851,0.0,69
1892,PRE-K,Other,Idea Part B Preschool,School ,3022.98,0.0,7
1893,PRE-K,School Leadership,"""Title  Part A Improving Basic Programs""",School ,2643.92,0.0,6
1894,PRE-K,School Leadership,"""Title  Part A Improving Basic Programs""",Summer School,3342.993091247,0.0,4
1895,PRE-K,School Leadership,Campus Activity Funds,School ,43265.71,0.0,50
1896,PRE-K,School Leadership,General Operating Fund,School ,1457559.68232783,26.49,78
1897,PRE-K,School Leadership,Head Start,School ,500479.83984763804,11.76,47
1898,PRE-K,School Leadership,Idea Part B Formula,Summer School,2280.9465601029997,0.0,5
1899,SUPPORT SERVICES-INSTRUCTIONAL,NON-PROJECT,,ALTERNATIVE ED / CONSTITUENCY,349621.3001203,3.3333536064139997,24
1900,SUPPORT SERVICES-INSTRUCTIONAL,NON-PROJECT,,ATHLETICS & STUDENT ACTIVITIES,365010.8359548,4.321249621897,31
1901,SUPPORT SERVICES-INSTRUCTIONAL,NON-PROJECT,,CHIEF ACADEMIC OFFICER,1037542.33837891,6.3558846156817,63
1902,SUPPORT SERVICES-INSTRUCTIONAL,NON-PROJECT,,ELEMENTARY EDUCATION,2039.89,0.0,2
1903,SUPPORT SERVICES-INSTRUCTIONAL,NON-PROJECT,,ENGLISH FOR SPEAKERS OF OTHER,14759.54,0.0,1
1904,SUPPORT SERVICES-INSTRUCTIONAL,NON-PROJECT,,ES TEAM ,895175.241720951,5.98139397987465,138
1905,SUPPORT SERVICES-INSTRUCTIONAL,NON-PROJECT,,HIGH SCHOOL EDUCATION,6674.97,0.0,1
1906,SUPPORT SERVICES-INSTRUCTIONAL,NON-PROJECT,,HS TEAM ,541533.94408924,2.8349172473094,47
1907,SUPPORT SERVICES-INSTRUCTIONAL,NON-PROJECT,,INSTRUCTIONAL NETWORKS,12034.868663170002,0.0833350741289,7
1908,SUPPORT SERVICES-INSTRUCTIONAL,NON-PROJECT,,ITEMGA OUTDOOR EDUCATION,44047.121366112,2.0086088923921097,13
1909,SUPPORT SERVICES-INSTRUCTIONAL,NON-PROJECT,,MIDDLE SCHOOL EDUCATION,2949.21,0.0,1
1910,SUPPORT SERVICES-INSTRUCTIONAL,NON-PROJECT,,MILITARY SCIENCE EDUCATION,402920.17042227,4.799824104683,29
1911,SUPPORT SERVICES-INSTRUCTIONAL,NON-PROJECT,,MS TEAM ,308529.50038630003,2.0090100496077,62
1912,SUPPORT SERVICES-INSTRUCTIONAL,NON-PROJECT,,OFFICE OF SCHOOL TURNAROUND,476.39,0.0,1
1913,SUPPORT SERVICES-INSTRUCTIONAL,NON-PROJECT,,SPECIAL EDUCATION,94281.6304507,1.2750026480610002,19
1914,SUPPORT SERVICES-INSTRUCTIONAL,NON-PROJECT,,,1543867.52832812,15.40775175510059,130
1915,SUPPORT SERVICES-INSTRUCTIONAL,Other,,ADMISSIONS AND STUDENT RECORDS,77091.04999999999,0.0,4
1916,SUPPORT SERVICES-INSTRUCTIONAL,Other,,ALL SCHOOLS-UNDISTRIBUTED,2378967.94308507,1.1638939722725,36
1917,SUPPORT SERVICES-INSTRUCTIONAL,Other,,ALL SECONDARY SCHOOLS,20.63,0.0,1
1918,SUPPORT SERVICES-INSTRUCTIONAL,Other,,ASSESSMENT & RESEARCH,203873.65102118,0.3759653707505999,277
1919,SUPPORT SERVICES-INSTRUCTIONAL,Other,,BUDGETARY SERVICES,233966.96948482,3.7231911205484,31
1920,SUPPORT SERVICES-INSTRUCTIONAL,Other,,CHARTER SCHOOL,35666.77,0.0,6
1921,SUPPORT SERVICES-INSTRUCTIONAL,Other,,CHIEF ACADEMIC OFFICER,187281.0402711,1.772416348897,16
1922,SUPPORT SERVICES-INSTRUCTIONAL,Other,,CUSTOMER RELATIONS MANAGEMENT,97087.4399923,1.00002148159,5
1923,SUPPORT SERVICES-INSTRUCTIONAL,Other,,DISTRICT COMMUNITY RELATIONS,91940.57150486899,1.2481957896477,14
1924,SUPPORT SERVICES-INSTRUCTIONAL,Other,,EARLY CHILDHOOD EDUCATION,1127356.019497898,12.6468840634275,284
1925,SUPPORT SERVICES-INSTRUCTIONAL,Other,,ED RESOURCE SERVICES,30499.7356299,0.200431034483,8
1926,SUPPORT SERVICES-INSTRUCTIONAL,Other,,ELEMENTARY EDUCATION,31964.41779548,0.244236830743,8
1927,SUPPORT SERVICES-INSTRUCTIONAL,Other,,ENGLISH FOR SPEAKERS OF OTHER,1127152.3043346168,10.79222789224568,503
1928,SUPPORT SERVICES-INSTRUCTIONAL,Other,,ENTERPRISE PRODUCT MANAGEMENT,44546.757543910004,0.333334993483,9
1929,SUPPORT SERVICES-INSTRUCTIONAL,Other,,ENVISION SCHOOLS COLORADO HS,21193.05,0.0,1
1930,SUPPORT SERVICES-INSTRUCTIONAL,Other,,FEDERAL PROGRAMS/EXTERNAL RESO,1108020.3567586592,4.480653576036799,90
1931,SUPPORT SERVICES-INSTRUCTIONAL,Other,,GIFTED AND TALENTED,607195.843827796,6.287247356680901,221
1932,SUPPORT SERVICES-INSTRUCTIONAL,Other,,HIGH SCHOOL EDUCATION,8567.852,0.0,8
1933,SUPPORT SERVICES-INSTRUCTIONAL,Other,,HUMAN RESOURCES,1043196.26115699,0.3333431352975,480
1934,SUPPORT SERVICES-INSTRUCTIONAL,Other,,HUMANITIES,130115.06705859001,1.4910348693303,18
1935,SUPPORT SERVICES-INSTRUCTIONAL,Other,,INTENTIONAL SCHOOL CULTURE,68.81,0.0,1
1936,SUPPORT SERVICES-INSTRUCTIONAL,Other,,IST - SYSTEMS SUPPORT,981227.9242623,4.265316681052,29
1937,SUPPORT SERVICES-INSTRUCTIONAL,Other,,"KIDS, INC",1039.1799999999996,0.0,1
1938,SUPPORT SERVICES-INSTRUCTIONAL,Other,,LEADERSHIP DEVELOPMENT,1068180.7606342372,6.485580360614456,296
1939,SUPPORT SERVICES-INSTRUCTIONAL,Other,,MIDDLE SCHOOL EDUCATION,228205.5641804,1.972807947971,17
1940,SUPPORT SERVICES-INSTRUCTIONAL,Other,,MULTILINGUAL OUTREACH,161678.102500135,2.03805891155377,29
1941,SUPPORT SERVICES-INSTRUCTIONAL,Other,,OFFICE OF SCHOOL TURNAROUND,162789.68,0.0,1
1942,SUPPORT SERVICES-INSTRUCTIONAL,Other,,OPPORTUNITY SCHOOL,310165.78422890004,4.304176147587,27
1943,SUPPORT SERVICES-INSTRUCTIONAL,Other,,PRIVATE SCHOOLS,681.5600000000002,0.0,1
1944,SUPPORT SERVICES-INSTRUCTIONAL,Other,,PSYCHOLOGICAL SERVICES,109697.50396295,1.30513893827582,27
1945,SUPPORT SERVICES-INSTRUCTIONAL,Other,,PUBLIC INFORMATION AND SERVICE,29886.366269201004,0.5453125,9
1946,SUPPORT SERVICES-INSTRUCTIONAL,Other,,SECONDARY PATHWAYS,319124.124585572,3.3804402689541004,42
1947,SUPPORT SERVICES-INSTRUCTIONAL,Other,,SPECIAL EDUCATION,6671616.039203684,76.00749890934628,682
1948,SUPPORT SERVICES-INSTRUCTIONAL,Other,,SUPERINTENDENT OF SCHOOLS,15194.2276849,0.166684877422,4
1949,SUPPORT SERVICES-INSTRUCTIONAL,Other,,TEACHER EFFECTIVENESS,197549.373051001,0.7457161477134999,209
1950,SUPPORT SERVICES-INSTRUCTIONAL,Other,,TEACHER LEARNING & LEADERSHIP,2436415.2453685063,7.5413434192043995,302
1951,SUPPORT SERVICES-INSTRUCTIONAL,Other,,TEACHER LED SCHOOL K-8,15961.745007731,0.2652672488387,12
1952,SUPPORT SERVICES-INSTRUCTIONAL,Other,,TECHNOLOGY ENTERPRISE APPS,108042.21440580001,1.00001978047,4
1953,SUPPORT SERVICES-INSTRUCTIONAL,Other,,,2046836.0116513115,13.276082049019793,1492
1954,SUPPORT SERVICES-INSTRUCTIONAL,TITLE I,,COMMUNITY ,2072.84,0.0,1
1955,SUPPORT SERVICES-INSTRUCTIONAL,TITLE I,,FEDERAL PROGRAMS/EXTERNAL RESO,171453.51,0.0,6
1956,SUPPORT SERVICES-INSTRUCTIONAL,TITLE I,,INTERDISCIPLINARY,28206.5197375,0.250005,5
1957,SUPPORT SERVICES-INSTRUCTIONAL,TITLE I,,SOCIAL WORK SERVICES,134348.3177732,2.00004599316,10
1958,SUPPORT SERVICES-INSTRUCTIONAL,TITLE I,,TITLE I - EDUCATIONAL OUTREACH,8026.589999999999,0.0,2
1959,SUPPORT SERVICES-INSTRUCTIONAL,TITLE I,,,114904.86754311,2.390429865572,33
1960,SUPPORT SERVICES-INSTRUCTIONAL,TITLE I A - ARRA,,ALL SCHOOLS-UNDISTRIBUTED,55481.338474539,0.5745729999854999,11
1961,SUPPORT SERVICES-INSTRUCTIONAL,TITLE I A - ARRA,,CHARTER SCHOOL,13999.94,0.0,1
1962,SUPPORT SERVICES-INSTRUCTIONAL,TITLE I A - ARRA,,CHIEF OPERATING OFFICER,333164.24215697,3.1750849818296,31
1963,SUPPORT SERVICES-INSTRUCTIONAL,TITLE I A - ARRA,,COMMUNITY ,11533.79,0.0,1
1964,SUPPORT SERVICES-INSTRUCTIONAL,TITLE I A - ARRA,,HUMANITIES,126088.56,0.0,1
1965,SUPPORT SERVICES-INSTRUCTIONAL,TITLE I A - ARRA,,INTERDISCIPLINARY,790.4300000000001,0.0,3
1966,Services To Students With Disabilities (Special Education),Community Services,Idea B Capacity - Deaf,School ,322.43209090600004,0.0,2
1967,Services To Students With Disabilities (Special Education),Community Services,Idea Part B Formula,School ,5183.4931530317,0.0,58
1968,Services To Students With Disabilities (Special Education),Community Services,Idea Part B Formula,Summer School,195.51672176099999,0.0,2
1969,Services To Students With Disabilities (Special Education),Community Services,State Deaf Education,School ,5812.0807480625,0.0,17
1970,Services To Students With Disabilities (Special Education),Curriculum Development And Instructional Staff Dev,General Operating Fund,Unallocated,348.76,0.0,1
1971,Services To Students With Disabilities (Special Education),Curriculum Development And Instructional Staff Dev,Idea B Capacity - Deaf,Undistributed,765.82,0.0,3
1972,Services To Students With Disabilities (Special Education),Curriculum Development And Instructional Staff Dev,Idea Part B Formula,School ,59586.3045691137,0.0,145
1973,Services To Students With Disabilities (Special Education),Curriculum Development And Instructional Staff Dev,Idea Part B Formula,Summer School,3610.1708546175,0.0,41
1974,Services To Students With Disabilities (Special Education),Curriculum Development And Instructional Staff Dev,Idea Part B Formula,Undistributed,88875.1416527047,0.0,23
1975,Services To Students With Disabilities (Special Education),Curriculum Development And Instructional Staff Dev,Idea Part B Formula,,98.0957919266,0.0,2
1976,Services To Students With Disabilities (Special Education),Curriculum Development And Instructional Staff Dev,Idea Part B Preschool,Undistributed,0.26,0.0,1
1977,Services To Students With Disabilities (Special Education),Curriculum Development And Instructional Staff Dev,State Deaf Education,School ,726.808753969,0.0,3
1978,Services To Students With Disabilities (Special Education),Curriculum Development And Instructional Staff Dev,State Deaf Education,Undistributed,450.77,0.0,1
1979,Services To Students With Disabilities (Special Education),Instruction,Education Jobs,School ,-1.35,0.0,4
1980,Services To Students With Disabilities (Special Education),Instruction,General Operating Fund,School ,29940163.417721845,653.32,2133
1981,Services To Students With Disabilities (Special Education),Instruction,General Operating Fund,,153116.1523350943,4.8,30
1982,Services To Students With Disabilities (Special Education),Instruction,Idea B Capacity - Deaf,School ,58413.781628968005,1.03,13
1983,Services To Students With Disabilities (Special Education),Instruction,Idea B Capacity - Deaf,Undistributed,18197.640000000003,0.0,3
1984,Services To Students With Disabilities (Special Education),Instruction,Idea B Discretionary Deaf,School ,93951.125767454,1.8699999999999999,20
1985,Services To Students With Disabilities (Special Education),Instruction,Idea B Preschool Deaf,Undistributed,0.23,0.0,1
1986,Services To Students With Disabilities (Special Education),Instruction,Idea C Early Intervention,School ,1390.9,0.0,3
1987,Services To Students With Disabilities (Special Education),Instruction,Idea Part B Formula,School ,4347834.839720868,54.53,481
1988,Services To Students With Disabilities (Special Education),Instruction,Idea Part B Formula,Summer School,86689.67516923501,0.0,83
1989,Services To Students With Disabilities (Special Education),Instruction,Idea Part B Formula,Undistributed,1499847.29,0.0,19
1990,Services To Students With Disabilities (Special Education),Instruction,Idea Part B Formula,,733561.0692109843,10.99,33
1991,Services To Students With Disabilities (Special Education),Instruction,Idea Part B Preschool,School ,41772.124381418,1.02,6
1992,Services To Students With Disabilities (Special Education),Instruction,State Deaf Education,School ,824452.0176625608,15.17,83
1993,Services To Students With Disabilities (Special Education),Instruction,State Deaf Education,Summer School,2352.9844227,0.0,1
1994,Services To Students With Disabilities (Special Education),Instruction,State Deaf Education,Undistributed,14131.96,0.0,2
1995,Services To Students With Disabilities (Special Education),Instructional Leadership,General Operating Fund,School ,434.35,0.0,2
1996,Services To Students With Disabilities (Special Education),Instructional Leadership,General Operating Fund,Unallocated,47506.68152644,0.17,11
1997,Services To Students With Disabilities (Special Education),Instructional Leadership,General Operating Fund,Undistributed,1100672.94585789,17.51,34
1998,Services To Students With Disabilities (Special Education),Instructional Leadership,Idea B Capacity - Deaf,Unallocated,70.14,0.0,1
1999,Services To Students With Disabilities (Special Education),Instructional Leadership,Idea Part B Formula,School ,21464.25,0.0,67
2000,Services To Students With Disabilities (Special Education),Instructional Leadership,Idea Part B Formula,Summer School,1557.904191131,0.0,4
2001,Services To Students With Disabilities (Special Education),Instructional Leadership,Idea Part B Formula,Unallocated,250205.89853105805,3.0,25
2002,Services To Students With Disabilities (Special Education),Instructional Leadership,Idea Part B Formula,Undistributed,347724.72,0.0,2
2003,Services To Students With Disabilities (Special Education),Instructional Leadership,Idea Part B Formula,,340.55,0.0,1
2004,Services To Students With Disabilities (Special Education),Other,Capital Projects Fund,School ,20659.78,0.0,3
2005,Services To Students With Disabilities (Special Education),Other,General Operating Fund,School ,6160660.086051903,118.67,471
2006,Services To Students With Disabilities (Special Education),Other,General Operating Fund,Unallocated,159686.09999999998,0.0,163
2007,Services To Students With Disabilities (Special Education),Other,General Operating Fund,Undistributed,2694115.1863037185,135.29,384
2008,Services To Students With Disabilities (Special Education),Other,General Operating Fund,,31737.582985550005,1.05,7
2009,Services To Students With Disabilities (Special Education),Other,Idea B Capacity - Deaf,School ,276.4,0.0,1
2010,Services To Students With Disabilities (Special Education),Other,Idea Part B Formula,School ,549172.0212897277,5.27,306
2011,Services To Students With Disabilities (Special Education),Other,Idea Part B Formula,Summer School,44184.0992132908,0.0,66
2012,Services To Students With Disabilities (Special Education),Other,Idea Part B Formula,Unallocated,672884.626577023,8.0,42
2013,Services To Students With Disabilities (Special Education),Other,Idea Part B Formula,Undistributed,1933852.127655697,0.0,41
2014,Services To Students With Disabilities (Special Education),Other,Idea Part B Formula,,1518.2935729021,0.0,8
2015,Services To Students With Disabilities (Special Education),Other,State Deaf Education,School ,21601.2975941726,0.31,5
2016,Services To Students With Disabilities (Special Education),School Leadership,General Operating Fund,School ,323279.60952219804,5.49,16
2017,Services To Students With Disabilities (Special Education),School Leadership,General Operating Fund,,4329.879273778,0.01,3
2018,Services To Students With Disabilities (Special Education),School Leadership,Idea Part B Formula,School ,5404.108975335,0.0,10
2019,Services To Students With Disabilities (Special Education),School Leadership,Idea Part B Formula,Summer School,5787.169133599,0.0,8
2020,Special Education,Community Services,General Fund,ABD,210.08,0.0,1
2021,Special Education,Community Services,General Fund,Center,0.36,0.0,1
2022,Special Education,Community Services,General Fund,Special Education,5742.17137894,0.0,2
2023,Special Education,Community Services,IDEA-B Formula,"School, Family and Community Education",33636.577437800006,0.5,1
2024,Special Education,Community Services,IDEA-B Formula,Special Education,154337.0308514,2.0,8
2025,Special Education,Community Services,IDEA-B Preschool,Special Education,0.7,0.0,1
2026,Special Education,Community Services,IDEA-B-Deaf,State Deaf,0.53,0.0,2
2027,Special Education,Curriculum & Instructional Staff Development,General Fund,ABD,4712.64462881,0.0,5
2028,Special Education,Curriculum & Instructional Staff Development,General Fund,Center,845.4,0.0,1
2029,Special Education,Curriculum & Instructional Staff Development,General Fund,Health Services,1999.85,0.0,1
2030,Special Education,Curriculum & Instructional Staff Development,General Fund,Homebound,340.21,0.0,1
2031,Special Education,Curriculum & Instructional Staff Development,General Fund,School ,-0.66,0.0,1
2032,Special Education,Curriculum & Instructional Staff Development,General Fund,Special Education,7051.94854919,0.0,7
2033,Special Education,Curriculum & Instructional Staff Development,General Fund,Special Education AH/VH,1035.1526916300002,0.0,2
2034,Special Education,Curriculum & Instructional Staff Development,IDEA-B Formula,ABD,0.09,0.0,1
2035,Special Education,Curriculum & Instructional Staff Development,IDEA-B Formula,Response to Intervention,69946.45700000001,0.0,5
2036,Special Education,Curriculum & Instructional Staff Development,IDEA-B Formula,School ,-2.8600000000000003,0.5,74
2037,Special Education,Curriculum & Instructional Staff Development,IDEA-B Formula,Special Ed Evaluation Services,4725.31,0.0,3
2038,Special Education,Curriculum & Instructional Staff Development,IDEA-B Formula,Special Education,1736547.5601211,23.0,33
2039,Special Education,Curriculum & Instructional Staff Development,IDEA-B Preschool,Prekindergarten Demonstration School,0.38,0.0,1
2040,Special Education,Curriculum & Instructional Staff Development,IDEA-B Preschool,School ,0.3099999999999999,0.0,11
2041,Special Education,Curriculum & Instructional Staff Development,IDEA-B Preschool,Special Education,57450.56,0.0,4
2042,Special Education,Curriculum & Instructional Staff Development,IDEA-B-Deaf,State Deaf,116.07,0.0,4
2043,Special Education,Curriculum & Instructional Staff Development,IDEA-B-Discretionary,State Deaf,1821.7800000000002,0.0,3
2044,Special Education,Curriculum & Instructional Staff Development,IDEA-B-Preshool-Deaf,ABD,-0.71,0.0,1
2045,Special Education,Curriculum & Instructional Staff Development,Visually Impaired,Special Education AH/VH,2396.73,0.0,2
2046,Special Education,"Guidance, Counseling and Evaluation Services",General Fund,ABD,1200.06,0.0,1
2047,Special Education,"Guidance, Counseling and Evaluation Services",General Fund,School ,41455.924753243,0.5,4
2048,Special Education,"Guidance, Counseling and Evaluation Services",General Fund,Special Ed Evaluation Services,648892.652304195,7.5,68
2049,Special Education,"Guidance, Counseling and Evaluation Services",General Fund,Special Education,131623.14219195,1.5,15
2050,Special Education,"Guidance, Counseling and Evaluation Services",General Fund,Special Education AH/VH,2152.3067671,0.0,1
2051,Special Education,"Guidance, Counseling and Evaluation Services",General Fund,State Hospital,100.07,0.0,1
2052,Special Education,"Guidance, Counseling and Evaluation Services",IDEA-B Formula,Center,88909.51061569998,1.0,3
2053,Special Education,"Guidance, Counseling and Evaluation Services",IDEA-B Formula,School ,0.51,0.0,1
2054,Special Education,"Guidance, Counseling and Evaluation Services",IDEA-B Formula,Special Ed Evaluation Services,2710583.6282375,41.32,52
2055,Special Education,"Guidance, Counseling and Evaluation Services",IDEA-B Formula,Special Education,441069.7303542,6.0,10
2056,Special Education,"Guidance, Counseling and Evaluation Services",IDEA-B Preschool,Special Ed Evaluation Services,193781.01344530002,2.44,13
2057,Special Education,"Guidance, Counseling and Evaluation Services",IDEA-B Preschool,Special Education,0.03999999999999998,0.0,2
2058,Special Education,"Guidance, Counseling and Evaluation Services",IDEA-B-Deaf,State Deaf,99.18,0.0,1
2059,Special Education,"Guidance, Counseling and Evaluation Services",IDEA-B-Discretionary,State Deaf,2999.97,0.0,1
2060,Special Education,"Guidance, Counseling and Evaluation Services",Visually Impaired,Special Education AH/VH,0.18,0.0,1
2061,Special Education,Instruction,General Fund,ABD,2636307.156039561,58.0,99
2062,Special Education,Instruction,General Fund,Center,621683.57392934,13.0,33
2063,Special Education,Instruction,General Fund,County Detention Center,135656.9626339,2.0,2
2064,Special Education,Instruction,General Fund,Early Childhood Center,1049.74,0.0,1
2065,Special Education,Instruction,General Fund,Elementary (Pre-K),55974.125505555,1.0,3
2066,Special Education,Instruction,General Fund,Elementary DAEP,63948.21672769701,1.0,7
2067,Special Education,Instruction,General Fund,Homebound,523615.58241989,7.5,26
2068,Special Education,Instruction,General Fund,House,0.0,1.0,1
2069,Special Education,Instruction,General Fund,Independence,129571.51245708,3.0,6
2070,Special Education,Instruction,General Fund,Leadership Academy,72625.457443045,1.0,2
2071,Special Education,Instruction,General Fund,Pre-K Center,173667.4083252,4.0,6
2072,Special Education,Instruction,General Fund,Prekindergarten Demonstration School,350474.72202256,7.5,12
2073,Special Education,Instruction,General Fund,Primary Center,280514.488459,6.0,8
2074,Special Education,Instruction,General Fund,School ,59869573.48609732,1299.335,1873
2075,Special Education,Instruction,General Fund,Secondary Alternative Learning Center,531685.292811649,12.0,17
2076,Special Education,Instruction,General Fund,Special Ed Evaluation Services,58155.991715662,1.0,2
2077,Special Education,Instruction,General Fund,Special Education,339480.991222527,5.0,11
2078,Special Education,Instruction,General Fund,Special Education AH/VH,1537578.833769365,22.55,66
2079,Special Education,Instruction,General Fund,State Deaf,0.44,0.0,1
2080,Special Education,Instruction,General Fund,State Hospital,495556.05221148,9.0,20
2081,Special Education,Instruction,General Fund,,300707.98021178,6.0,10
2082,Special Education,Instruction,IDEA-B Formula,ABD,1614064.3185451,31.948,61
2083,Special Education,Instruction,IDEA-B Formula,Center,321413.5142385,6.0,11
2084,Special Education,Instruction,IDEA-B Formula,Early Childhood Center,69.63,0.0,1
2085,Special Education,Instruction,IDEA-B Formula,Elementary (Pre-K),0.44,0.0,1
2086,Special Education,Instruction,IDEA-B Formula,Independence,84.51,0.0,1
2087,Special Education,Instruction,IDEA-B Formula,Pre-K Center,70.25,0.0,1
2088,Special Education,Instruction,IDEA-B Formula,Prekindergarten Demonstration School,61789.19905140001,2.0,7
2089,Special Education,Instruction,IDEA-B Formula,Primary Center,74.1,0.0,1
2090,Special Education,Instruction,IDEA-B Formula,Response to Intervention,0.41999999999999993,0.0,2
2091,Special Education,Instruction,IDEA-B Formula,School ,5250630.7938986,140.79,338
2092,Special Education,Instruction,IDEA-B Formula,School for the Deaf,-0.61,0.0,1
2093,Special Education,Instruction,IDEA-B Formula,Special Ed Evaluation Services,3867.274,0.0,1
2094,Special Education,Instruction,IDEA-B Formula,Special Education,2243877.8180755,8.0,19
2095,Special Education,Instruction,IDEA-B Formula,Special Education AH/VH,756804.9247045,11.0,13
2096,Special Education,Instruction,IDEA-B Formula,State Deaf,88297.5294714,2.0,5
2097,Special Education,Instruction,IDEA-B Formula,State Hospital,591.55,0.0,1
2098,Special Education,Instruction,IDEA-B Formula,Summer School,5953.069,0.0,2
2099,Special Education,Instruction,IDEA-B Formula,,58585.138605700005,1.0,2
2100,Special Education,Instruction,IDEA-B Preschool,ABD,19888.92,0.0,6
2101,Special Education,Instruction,IDEA-B Preschool,Prekindergarten Demonstration School,44140.26415188,0.6000000000000001,4
2102,Special Education,Instruction,IDEA-B Preschool,School ,151784.638291,1.7,36
2103,Special Education,Instruction,IDEA-B Preschool,Special Education,334314.42,0.0,1
2104,Special Education,Instruction,IDEA-B Preschool,,0.65,0.0,1
2105,Special Education,Instruction,IDEA-B-Deaf,ABD,24665.013473299998,0.565,10
2106,Special Education,Instruction,IDEA-B-Deaf,School ,-0.34,0.0,1
2107,Special Education,Instruction,IDEA-B-Discretionary,ABD,17917.06,0.0,8
2108,Special Education,Instruction,IDEA-B-Preshool-Deaf,ABD,402.29,0.0,2
2109,Special Education,Instruction,IDEA-B-Preshool-Deaf,School ,6973.33189932,0.11,1
2110,Special Education,Instruction,IDEA-C-Early Intervention Deaf,ABD,3503.6499262800003,0.05,5
2111,Special Education,Instruction,School for the Deaf,ABD,169056.79435799998,2.45,4
2112,Special Education,Instruction,School for the Deaf,Prekindergarten Demonstration School,58648.5197567,0.9,2
2113,Special Education,Instruction,School for the Deaf,School ,172112.9160677,2.9000000000000004,7
2114,Special Education,Instruction,Visually Impaired,ABD,22384.77,0.0,8
2115,Special Education,Instructional Leadership,General Fund,ABD,2870.45568947,0.0,2
2116,Special Education,Instructional Leadership,General Fund,Homebound,399.0,0.0,1
2117,Special Education,Instructional Leadership,General Fund,Special Ed Evaluation Services,219248.52328204,3.75,7
2118,Special Education,Instructional Leadership,General Fund,Special Education,1299699.387438293,18.0,58
2119,Special Education,Instructional Leadership,General Fund,Special Education AH/VH,92974.4170707,2.0,5
2120,Special Education,Instructional Leadership,General Fund,State Deaf,103013.751519093,1.0,3
2121,Special Education,Instructional Leadership,IDEA-B Formula,Special Education,199037.6914128,4.0,7
2122,Special Education,Instructional Leadership,IDEA-B Preschool,Special Education,-0.26,0.0,2
2123,Special Education,Instructional Leadership,IDEA-B-Discretionary,State Deaf,99.97,0.0,1
2124,Special Education,Instructional Leadership,Visually Impaired,Special Education AH/VH,1200.29,0.0,3
2125,Special Education,Other,General Fund,ABD,57737.87625417,1.05,4
2126,Special Education,Other,General Fund,Center,10454.934576939999,0.0,5
2127,Special Education,Other,General Fund,Management Info System,91192.9262967,1.0,1
2128,Special Education,Other,General Fund,Park Concessions,-0.15,0.0,1
2129,Special Education,Other,General Fund,Special Education,74085.7865651,1.0,2
2130,Special Education,Other,General Fund,Transportation Office,10534858.314780017,296.7235,365
2131,Special Education,Other,General Fund,Undistributed Organization,1658105.2,0.0,1
2132,Special Education,Other,IDEA-B Formula,ABD,7976.36234757,0.1,1
2133,Special Education,Other,IDEA-B Formula,Center,158074.9199814,2.0,3
2134,Special Education,Other,IDEA-B Formula,"School, Family and Community Education",0.04,0.0,1
2135,Special Education,Other,IDEA-B Formula,Special Education AH/VH,7499.56,0.0,1
2136,Special Education,Other,IDEA-B Preschool,ABD,-0.28,0.0,1
2137,Special Education,Other,IDEA-B Preschool,Special Ed Evaluation Services,-0.17,0.0,2
2138,Special Education,Other,IDEA-B-Deaf,State Deaf,400.82,0.0,1
2139,Special Education,Other,IDEA-B-Discretionary,State Deaf,12349.630000000001,0.0,2
2140,Special Education,Other,Laundry Service,Center,158646.7629828,4.0,4
2141,Special Education,Other,School for the Deaf,ABD,67788.4949543,0.85,1
2142,Special Education,Other,Visually Impaired,Special Education AH/VH,0.78,0.0,1
2143,Special Education,School Leadership,General Fund,ABD,334296.53449989797,5.5,21
2144,Special Education,School Leadership,General Fund,Center,261885.744827685,4.0,12
2145,Special Education,School Leadership,General Fund,Independence,75.37,0.0,1
2146,Special Education,School Leadership,General Fund,School ,44526.4837597,1.0,32
2147,Special Education,School Leadership,General Fund,Secondary Alternative Learning Center,88.18,0.0,1
2148,Undistributed,Community Services,Campus Activity Funds,School ,6032.41,0.0,22
2149,Undistributed,Community Services,Child Care Program,School ,1248582.973037,38.533,47
2150,Undistributed,Community Services,Enterprise Funds,Unallocated,444239.6527274779,13.37,80
2151,Undistributed,Community Services,General Fund,Assoc Superintendent-High Schools,23999.81,0.0,1
2152,Undistributed,Community Services,General Fund,Community Education-After School Program,423519.97162994,4.625,17
2153,Undistributed,Community Services,General Fund,Community Education-South,8599.43804698,0.0,5
2154,Undistributed,Community Services,General Fund,Development/Community Partnership,6067.00687916,0.0,3
2155,Undistributed,Community Services,General Fund,Office of Planning and Community Relations,136739.187933346,1.5,6
2156,Undistributed,Community Services,General Fund,Primary Center,-1.05,0.0,1
2157,Undistributed,Community Services,General Fund,School ,197119.22854386,4.9,36
2158,Undistributed,Community Services,General Fund,"School, Family and Community Education",1059281.972710216,12.0,43
2159,Undistributed,Community Services,General Fund,Undistributed Organization,247137.37,0.0,1
2160,Undistributed,Community Services,General Operating Fund,School ,280.83,0.0,3
2161,Undistributed,Community Services,General Operating Fund,Unallocated,54341.2616796394,1.53,62
2162,Undistributed,Community Services,General Operating Fund,Undistributed,319060.86639377207,0.0,63
2163,Undistributed,Community Services,Locally Funded Special Revenue Funds,School ,12045.58,0.0,6
2164,Undistributed,Community Services,Locally Funded Special Revenue Funds,Unallocated,51238.37,0.0,1
2165,Undistributed,Community Services,Student Activity Account,"School, Family and Community Education",0.0,0.2,1
2166,Undistributed,Community Services,Title Iv Part B  Century Community Learning Ce,School ,138.07,0.0,1
2167,Undistributed,Curriculum & Instructional Staff Development,General Fund,Assoc Superintendent-Area ,40603.461211029,0.0,10
2168,Undistributed,Curriculum & Instructional Staff Development,General Fund,Assoc Superintendent-Area  Elementary ,11579.42434677,0.0,7
2169,Undistributed,Curriculum & Instructional Staff Development,General Fund,Assoc Superintendent-High Schools,24123.651378939998,0.0,9
2170,Undistributed,Curriculum & Instructional Staff Development,General Fund,Campus and District Accountability,999.59,0.0,1
2171,Undistributed,Curriculum & Instructional Staff Development,General Fund,College Readiness,75413.2175978,0.0,3
2172,Undistributed,Curriculum & Instructional Staff Development,General Fund,Core Curriculum,513419.430005407,3.0,25
2173,Undistributed,Curriculum & Instructional Staff Development,General Fund,Early Childhood,20118.3090897,0.0,7
2174,Undistributed,Curriculum & Instructional Staff Development,General Fund,Educator Development,0.15,0.0,1
2175,Undistributed,Curriculum & Instructional Staff Development,General Fund,Educator Quality ,2764324.225991983,17.5,114
2176,Undistributed,Curriculum & Instructional Staff Development,General Fund,Elementary Music,47717.795749,0.5,5
2177,Undistributed,Curriculum & Instructional Staff Development,General Fund,English,238571.97491039,1.49,13
2178,Undistributed,Curriculum & Instructional Staff Development,General Fund,Health Services,1000.18,0.0,1
2179,Undistributed,Curriculum & Instructional Staff Development,General Fund,Math,598983.705292714,1.0,13
2180,Undistributed,Curriculum & Instructional Staff Development,General Fund,Performing Arts ,25457.81030574,0.5,4
2181,Undistributed,Curriculum & Instructional Staff Development,General Fund,Physical Education,64629.7244531,1.0,3
2182,Undistributed,Curriculum & Instructional Staff Development,General Fund,Program ABC,-0.27,0.0,1
2183,Undistributed,Curriculum & Instructional Staff Development,General Fund,Response to Intervention,36446.48225545,0.0,3
2184,Undistributed,Curriculum & Instructional Staff Development,General Fund,School ,1834718.361797489,22.48,398
2185,Undistributed,Curriculum & Instructional Staff Development,General Fund,Science and Health,441111.83791471,2.25,16
2186,Undistributed,Curriculum & Instructional Staff Development,General Fund,Science/Health Res Ctr,65544.96706540001,0.0,1
2187,Undistributed,Curriculum & Instructional Staff Development,General Fund,Second Languages/Journalism,11003.45052449,0.0,4
2188,Undistributed,Curriculum & Instructional Staff Development,General Fund,Social Studies,225536.803884975,2.0,12
2189,Undistributed,Curriculum & Instructional Staff Development,General Fund,Special Programs,800.860306198,0.0,2
2190,Undistributed,Curriculum & Instructional Staff Development,General Fund,Strategic Compensation Initiative,10066970.045678444,2.0,19
2191,Undistributed,Curriculum & Instructional Staff Development,General Fund,Undistributed Organization,526036.79,0.0,1
2192,Undistributed,Curriculum & Instructional Staff Development,General Fund,Visual Arts,6373.08690218,0.0,9
2193,Undistributed,Curriculum & Instructional Staff Development,General Fund,,93010.3798993,0.0,7
2194,Undistributed,Curriculum & Instructional Staff Development,National Wildlife Federation,Science and Health,70997.10356569999,1.0,1
2195,Undistributed,Curriculum Development And Instructional Staff Dev,Advanced Plancement International Baccalaurate Inc,School ,-369.9699999999999,0.0,2
2196,Undistributed,Curriculum Development And Instructional Staff Dev,Campus Activity Funds,School ,65463.167466366904,0.0,122
2197,Undistributed,Curriculum Development And Instructional Staff Dev,General Operating Fund,School ,65158.5974925367,0.0,120
2198,Undistributed,Curriculum Development And Instructional Staff Dev,General Operating Fund,Unallocated,125982.5228452629,0.0,241
2199,Undistributed,Curriculum Development And Instructional Staff Dev,General Operating Fund,Undistributed,596535.7167303137,0.0,317
2200,Undistributed,Curriculum Development And Instructional Staff Dev,Intensive Reading Instruction Initiative Grant,School ,17005.507339004,0.0,10
2201,Undistributed,Curriculum Development And Instructional Staff Dev,Locally Funded Special Revenue Funds,School ,141765.887849783,2.0,12
2202,Undistributed,Curriculum Development And Instructional Staff Dev,Locally Funded Special Revenue Funds,Unallocated,347897.81,0.0,7
2203,Undistributed,Curriculum Development And Instructional Staff Dev,Locally Funded Special Revenue Funds,Undistributed,3840.85,0.0,4
2204,Undistributed,Curriculum Development And Instructional Staff Dev,Other State Grants,School ,648.4,0.0,3
2205,Undistributed,Curriculum Development And Instructional Staff Dev,Title Iv Part B  Century Community Learning Ce,School ,10748.230000000001,0.0,9
2206,Undistributed,"Guidance, Counseling and Evaluation Services",Fund (Employee Appreciation Fund),Guidance & Counseling,65279.1779857,1.0,1
2207,Undistributed,"Guidance, Counseling and Evaluation Services",General Fund,Assoc Superintendent-High Schools,85999.96,0.0,1
2208,Undistributed,"Guidance, Counseling and Evaluation Services",General Fund,Chief Performance Officer,289249.487182865,2.0,14
2209,Undistributed,"Guidance, Counseling and Evaluation Services",General Fund,Chief School Office,124998.92,0.0,1
2210,Undistributed,"Guidance, Counseling and Evaluation Services",General Fund,College Readiness,62587.2870905,1.0,1
2211,Undistributed,"Guidance, Counseling and Evaluation Services",General Fund,Core Curriculum,429525.75275825,0.0,10
2212,Undistributed,"Guidance, Counseling and Evaluation Services",General Fund,Educational Support Services,83644.26,0.0,1
2213,Undistributed,"Guidance, Counseling and Evaluation Services",General Fund,Guidance & Counseling,293539.148801443,0.0,17
2214,Undistributed,"Guidance, Counseling and Evaluation Services",General Fund,Learning Support Services,524.390856523,0.0,1
2215,Undistributed,"Guidance, Counseling and Evaluation Services",General Fund,Office of Program Evaluation,815979.144954576,7.7166,44
2216,Undistributed,"Guidance, Counseling and Evaluation Services",General Fund,School ,7689197.39740809,130.72,209
2217,Undistributed,"Guidance, Counseling and Evaluation Services",General Fund,Special Ed Evaluation Services,55539.823980224995,1.0,5
2218,Undistributed,"Guidance, Counseling and Evaluation Services",General Fund,Substitute,76469.5215763,0.0,1
2219,Undistributed,"Guidance, Counseling and Evaluation Services",General Fund,System Wide Testing,1149894.774877797,8.0,33
2220,Undistributed,"Guidance, Counseling and Evaluation Services",General Fund,Unallocated Cost Budget,58204.46,0.0,1
2221,Undistributed,"Guidance, Counseling and Evaluation Services",General Fund,Undistributed Organization,898209.8,0.0,1
2222,Undistributed,"Guidance, Counseling and Evaluation Services",General Fund,,15000.22,0.0,1
2223,Undistributed,"Guidance, Counseling and Evaluation Services",Student Activity Account,School ,34726.4850728,0.5,1
2224,Undistributed,"Guidance, Counseling and Evaluation Services",Student Activity Account,"School, Family and Community Education",7016.44145868,0.12,1
2225,Undistributed,"Guidance, Counseling and Evaluation Services",Title IV- Safe & Drug Free,Office of Program Evaluation,33869.05936779999,0.5,1
2226,Undistributed,Instruction,General Fund,Assoc Superintendent-Area ,4009.8657155,0.0,1
2227,Undistributed,Instruction,General Fund,Assoc Superintendent-Area  Elementary ,1200.5202962000003,0.0,2
2228,Undistributed,Instruction,General Fund,Assoc Superintendent-High Schools,1404599.32089124,0.0,8
2229,Undistributed,Instruction,General Fund,Central Warehouse,3754933.15,0.0,2
2230,Undistributed,Instruction,General Fund,College Readiness,922971.4635266999,0.0,7
2231,Undistributed,Instruction,General Fund,Core Curriculum,31719.226844700006,0.0,2
2232,Undistributed,Instruction,General Fund,Early Childhood,197840.61721442,0.0,6
2233,Undistributed,Instruction,General Fund,Elementary Music,8019.26384946,0.0,1
2234,Undistributed,Instruction,General Fund,English,12080.602165459999,0.0,2
2235,Undistributed,Instruction,General Fund,Health Services,4008.9957155,0.0,2
2236,Undistributed,Instruction,General Fund,Math,489102.54023989994,0.0,4
2237,Undistributed,Instruction,General Fund,Performing Arts ,346031.8859917,0.0,9
2238,Undistributed,Instruction,General Fund,Physical Education,69239.6041257,0.0,4
2239,Undistributed,Instruction,General Fund,Response to Intervention,5462.07225545,0.0,1
2240,Undistributed,Instruction,General Fund,School ,156213.10492682602,3.0,8
2241,Undistributed,Instruction,General Fund,Science and Health,458127.8421733,0.0,11
2242,Undistributed,Instruction,General Fund,Science/Health Res Ctr,15036.9999793,0.0,1
2243,Undistributed,Instruction,General Fund,Second Languages/Journalism,32872.31606076,0.0,3
2244,Undistributed,Instruction,General Fund,Social Studies,32772.9335327,0.0,1
2245,Undistributed,Instruction,General Fund,Substitute,912119.928997,0.0,28
2246,Undistributed,Instruction,General Fund,Unallocated Cost Budget,860000.32,0.0,2
2247,Undistributed,Instruction,General Fund,Undistributed Organization,19579034.08,0.0,2
2248,Undistributed,Instruction,General Fund,Visual Arts,8722.42171909,0.0,2
2249,Undistributed,Instruction,General Fund,,10925.0945109,0.0,1
2250,Undistributed,Instruction,General Operating Fund,School ,377.65,0.0,2
2251,Undistributed,Instruction,General Operating Fund,Unallocated,87.96,0.0,1
2252,Undistributed,Instruction,Locally Funded Special Revenue Funds,School ,485.64,0.0,3
2253,Undistributed,Instruction,Support for Homeless Education,Undistributed,5942.22,0.0,1
2254,Undistributed,Instructional Leadership,American Indian Educ. Proj.,"School, Family and Community Education",46666.8536778,0.5,11
2255,Undistributed,Instructional Leadership,Fund (Employee Appreciation Fund),Future Problem Solving,70475.9011643,0.75,1
2256,Undistributed,Instructional Leadership,General Fund,Accountability,41115.649999999994,0.0,2
2257,Undistributed,Instructional Leadership,General Fund,Assoc Superintendent-Area ,362576.10323918104,3.0,22
2258,Undistributed,Instructional Leadership,General Fund,Assoc Superintendent-Area  Elementary ,995726.198293868,8.4,46
2259,Undistributed,Instructional Leadership,General Fund,Assoc Superintendent-High Schools,543365.244949916,4.0,21
2260,Undistributed,Instructional Leadership,General Fund,Campus and District Accountability,699989.4720788831,6.0,22
2261,Undistributed,Instructional Leadership,General Fund,Chief Academic Officer,434263.633672895,3.0,18
2262,Undistributed,Instructional Leadership,General Fund,Chief School Office,358490.017867965,3.0,16
2263,Undistributed,Instructional Leadership,General Fund,Core Curriculum,103948.33679377999,0.0,10
2264,Undistributed,Instructional Leadership,General Fund,Curriculum and Instruction ,-0.53,0.0,1
2265,Undistributed,Instructional Leadership,General Fund,Early Childhood,360995.882295486,4.0,25
2266,Undistributed,Instructional Leadership,General Fund,Educational Support Services,3394.6465459929996,0.0,2
2267,Undistributed,Instructional Leadership,General Fund,Elementary Music,81165.253356285,1.0,8
2268,Undistributed,Instructional Leadership,General Fund,English,298320.943752008,3.75,15
2269,Undistributed,Instructional Leadership,General Fund,Health Services,1.22,0.0,3
2270,Undistributed,Instructional Leadership,General Fund,Math,137652.96902495998,1.0,12
2271,Undistributed,Instructional Leadership,General Fund,Performing Arts ,129018.86125363299,1.0,12
2272,Undistributed,Instructional Leadership,General Fund,Physical Education,122630.98347769301,1.0,10
2273,Undistributed,Instructional Leadership,General Fund,Response to Intervention,5539.82,0.0,3
2274,Undistributed,Instructional Leadership,General Fund,Science and Health,200271.383131823,2.0,14
2275,Undistributed,Instructional Leadership,General Fund,Science/Health Res Ctr,70274.8934992,2.0,3
2276,Undistributed,Instructional Leadership,General Fund,Second Languages/Journalism,96361.87086626199,1.0,11
2277,Undistributed,Instructional Leadership,General Fund,Secondary Blue Print and High School Redesign Office,2631.4160486799997,0.0,2
2278,Undistributed,Instructional Leadership,General Fund,Social Emotional Learning,51237.65087845,0.6,8
2279,Undistributed,Instructional Leadership,General Fund,Social Studies,232358.96561455002,2.75,19
2280,Undistributed,Instructional Leadership,General Fund,Special Education,524.0708565230001,0.0,1
2281,Undistributed,Instructional Leadership,General Fund,Special Programs,62600.99756078999,1.0,12
2282,Undistributed,Instructional Leadership,General Fund,State/Federal Compliance & Accountability,347966.36018332397,4.552,28
2283,Undistributed,Instructional Leadership,General Fund,Substitute,16385.9167664,0.0,1
2284,Undistributed,Instructional Leadership,General Fund,Undistributed Organization,422837.02,0.0,1
2285,Undistributed,Instructional Leadership,General Fund,Visual Arts,96216.20717920498,1.0,13
2286,Undistributed,Instructional Leadership,General Fund,Work Projects,10124.2,0.0,1
2287,Undistributed,Instructional Leadership,General Fund,,173900.13583537,2.0,16
2288,Undistributed,Instructional Leadership,General Operating Fund,School ,5433.77,0.0,3
2289,Undistributed,Instructional Leadership,General Operating Fund,Unallocated,256970.43,0.0,106
2290,Undistributed,Instructional Leadership,General Operating Fund,Undistributed,2961017.9334040377,39.96,97
2291,Undistributed,Instructional Leadership,Locally Funded Special Revenue Funds,Unallocated,-65.74000000000001,0.0,2
2292,Undistributed,Instructional Leadership,Locally Funded Special Revenue Funds,Undistributed,206719.42,0.0,1
2293,Undistributed,Instructional Leadership,Support for Homeless Education,Administration - No Description Provided,464.5,0.0,2
2294,Undistributed,Instructional Leadership,Support for Homeless Education,Unallocated,1070.8,0.0,1
2295,Undistributed,Instructional Leadership,Support for Homeless Education,Undistributed,601.55,0.0,2
2296,Undistributed,Instructional Leadership,Title IV- Safe & Drug Free,Educator Quality ,547901.7970099,7.0,7
2297,Undistributed,Other,American Indian Educ. Proj.,"School, Family and Community Education",2475.8100000000004,0.0,2
2298,Undistributed,Other,Athletics,School ,2076.75505707,0.0,2
2299,Undistributed,Other,Campus Activity Funds,School ,1854213.3226167283,0.0,937
2300,Undistributed,Other,Campus Police,District Police,364331.7468585,5.0,6
2301,Undistributed,Other,Capital Projects Fund,School ,5364153.734897744,0.0,59
2302,Undistributed,Other,Capital Projects Fund,Unallocated,10668593.61756964,2.02,131
2303,Undistributed,Other,Capital Projects Fund,Undistributed,0.35,0.0,1
2304,Undistributed,Other,Commercial  Bond Program,Information System Administration,118800.01,2.0,4
2305,Undistributed,Other,Debt Service Fund,Finance- Debt Payments,102744113.77,0.0,3
2306,Undistributed,Other,Debt Service Fund,Undistributed,37032714.11000001,0.0,18
2307,Undistributed,Other,Enterprise Funds,Unallocated,173958.479932871,1.1,97
2308,Undistributed,Other,General Agency Fund,Unallocated,26407.8213657421,0.0,58
2309,Undistributed,Other,General Fund,ABD,2892.61405849,0.0,2
2310,Undistributed,Other,General Fund,Accountability,745469.6810101051,10.36,35
2311,Undistributed,Other,General Fund,Assoc Superintendent-High Schools,0.09,0.0,1
2312,Undistributed,Other,General Fund,Athletics-External ,524.3208565230001,0.0,1
2313,Undistributed,Other,General Fund,Board of Trustees,902114.6866342,1.0,16
2314,Undistributed,Other,General Fund,Budget,490134.17751701997,6.0,16
2315,Undistributed,Other,General Fund,Cable TV,548384.905682613,4.0,25
2316,Undistributed,Other,General Fund,Chief Financial Officer,309792.354905808,2.0,18
2317,Undistributed,Other,General Fund,Communication Services,1197.92,0.0,1
2318,Undistributed,Other,General Fund,Community Education-After School Program,1959.38,0.0,1
2319,Undistributed,Other,General Fund,Construction Management,1606656.06,0.0,26
2320,Undistributed,Other,General Fund,District Police,3505342.019402069,45.0,94
2321,Undistributed,Other,General Fund,Educational Technology,524.380856523,0.0,2
2322,Undistributed,Other,General Fund,Educator Quality ,0.24,0.0,1
2323,Undistributed,Other,General Fund,Elementary Music,105573.06752853999,0.0,15
2324,Undistributed,Other,General Fund,Finance,2974400.624405735,43.5,62
2325,Undistributed,Other,General Fund,Finance- Debt Payments,877563.98,0.0,4
2326,Undistributed,Other,General Fund,Health Services,3033292.47816899,10.75,28
2327,Undistributed,Other,General Fund,Human Resources,3905174.5156608527,41.0,105
2328,Undistributed,Other,General Fund,Human Resources and Information Systems,279861.561555245,2.0,9
2329,Undistributed,Other,General Fund,Information System Administration,5250198.707446311,11.0,37
2330,Undistributed,Other,General Fund,Internal Audit,392942.632235102,5.0,18
2331,Undistributed,Other,General Fund,Learning Support Services,73562.54206999,1.0,5
2332,Undistributed,Other,General Fund,Legal Services,937498.215396083,4.0,27
2333,Undistributed,Other,General Fund,Library Media Center,1571187.5100665297,12.0,38
2334,Undistributed,Other,General Fund,Mail Room,293627.75686872,3.0,8
2335,Undistributed,Other,General Fund,Management Info System,6401106.899375903,46.0,104
2336,Undistributed,Other,General Fund,Network Support,8391362.35755814,66.0,201
2337,Undistributed,Other,General Fund,Office of Innovation and Development,640071.870976268,4.5,24
2338,Undistributed,Other,General Fund,Office of Planning and Community Relations,1518369.153404777,11.7,52
2339,Undistributed,Other,General Fund,Performing Arts ,231940.63,0.0,11
2340,Undistributed,Other,General Fund,Primary Center,61634.62229079999,1.0,4
2341,Undistributed,Other,General Fund,Purchasing,760065.21706121,11.0,26
2342,Undistributed,Other,General Fund,School ,13659764.81503499,203.488,1133
2343,Undistributed,Other,General Fund,"School, Family and Community Education",0.91,0.0,2
2344,Undistributed,Other,General Fund,Science and Health,21800.82,0.0,3
2345,Undistributed,Other,General Fund,Science/Health Res Ctr,583183.5053435451,5.0,20
2346,Undistributed,Other,General Fund,Second Languages/Journalism,6100.71,0.0,5
2347,Undistributed,Other,General Fund,Secondary Alternative Learning Center,213315.214219044,5.0,11
2348,Undistributed,Other,General Fund,Social Studies,6651.9,0.0,3
2349,Undistributed,Other,General Fund,Strategic Compensation Initiative,159420.64850840002,0.5,11
2350,Undistributed,Other,General Fund,Student Services,605128.83703907,9.0,32
2351,Undistributed,Other,General Fund,Substitute,65545.6970654,0.0,1
2352,Undistributed,Other,General Fund,Superintendent,1145976.533643768,7.0,29
2353,Undistributed,Other,General Fund,Tax Collections,4164660.19,0.0,2
2354,Undistributed,Other,General Fund,Trans Center,1048.261713046,0.0,2
2355,Undistributed,Other,General Fund,Transportation Office,13663183.542144028,260.4867,341
2356,Undistributed,Other,General Fund,Undistributed Organization,114999809.64999999,0.0,7
2357,Undistributed,Other,General Fund,Visual Arts,11271.83,0.0,6
2358,Undistributed,Other,General Fund,,743992.36126872,1.0,5
2359,Undistributed,Other,General Operating Fund,Administration - No Description Provided,14750941.594205253,113.82,577
2360,Undistributed,Other,General Operating Fund,Legal Department - Tax Collection Division,4476102.867404554,16.52,55
2361,Undistributed,Other,General Operating Fund,School ,30559066.476125967,644.7700000000001,3163
2362,Undistributed,Other,General Operating Fund,School Board,18712.3,0.0,6
2363,Undistributed,Other,General Operating Fund,Superintendent,553118.6317392,3.0,18
2364,Undistributed,Other,General Operating Fund,Unallocated,36574129.68199374,18.8,4196
2365,Undistributed,Other,General Operating Fund,Undistributed,38710303.13457805,697.8800000000001,2862
2366,Undistributed,Other,Health Self-Insurance Fund,Health Services,70416.1282157,1.0,1
2367,Undistributed,Other,Locally Funded Special Revenue Funds,Administration - No Description Provided,16214.45,0.0,5
2368,Undistributed,Other,Locally Funded Special Revenue Funds,School ,11733.09,0.0,6
2369,Undistributed,Other,Locally Funded Special Revenue Funds,Unallocated,11681.14,0.0,4
2370,Undistributed,Other,Lower Strands Prj.,Unallocated,47609.840000000004,0.0,5
2371,Undistributed,Other,Medicaid,Medicaid,302925.2392379,4.0,13
2372,Undistributed,Other,Medicaid Administrative Claiming Program,School ,285686.0878257929,4.0,32
2373,Undistributed,Other,Nat'l Schl Breakfast & Lunch Prog.,Early Childhood Center,119811.72754230001,2.9375,12
2374,Undistributed,Other,Nat'l Schl Breakfast & Lunch Prog.,Elementary (Pre-K),215853.24144040002,3.375,12
2375,Undistributed,Other,Nat'l Schl Breakfast & Lunch Prog.,Food Service,6598634.8663333,32.1001,203
2376,Undistributed,Other,Nat'l Schl Breakfast & Lunch Prog.,Independence,64503.4519639,1.1455,10
2377,Undistributed,Other,Nat'l Schl Breakfast & Lunch Prog.,Prekindergarten Demonstration School,190314.2511544,3.625,11
2378,Undistributed,Other,Nat'l Schl Breakfast & Lunch Prog.,School ,29018974.0646523,533.834,1581
2379,Undistributed,Other,Nat'l Schl Breakfast & Lunch Prog.,Secondary Alternative Learning Center,113386.2817154,1.958,9
2380,Undistributed,Other,Nat'l Schl Breakfast & Lunch Prog.,,175803.0602342,3.09375,12
2381,Undistributed,Other,National School Breakfast And Lunch Program,School ,33113826.328936405,515.93,2775
2382,Undistributed,Other,National School Breakfast And Lunch Program,Unallocated,-341.94,0.0,1
2383,Undistributed,Other,National School Breakfast And Lunch Program,Undistributed,6031364.675042857,61.3,796
2384,Undistributed,Other,Other State Grants,School ,159.74,0.0,11
2385,Undistributed,Other,Print Shop and Reproduction,ABD,44679.3938357,1.0,1
2386,Undistributed,Other,Print Shop and Reproduction,Print Shop,199751.0412628,4.0,4
2387,Undistributed,Other,Student Activity Account,School ,75868.4595897,1.712,17
2388,Undistributed,Other,Student Activity Fund,School ,18691.6462896811,0.0,76
2389,Undistributed,Other,Summer Feeding Program,Food Service,364565.77,0.0,3
2390,Undistributed,Other,Support for Homeless Education,Undistributed,8735.91,0.0,2
2391,Undistributed,Other,Title Iv Part B  Century Community Learning Ce,Administration - No Description Provided,69357.034766479,0.5700000000000001,11
2392,Undistributed,Other,Title Iv Part B  Century Community Learning Ce,School ,400277.2394557233,1.5,321
2393,Undistributed,Other,Title Iv Part B  Century Community Learning Ce,Summer School,38643.803405333,0.0,35
2394,Undistributed,Other,Workers Comp Self Insurance,Insurance and Risk Management,144850.5670314,2.0,3
2395,Undistributed,Other,,Finance,32851.5400378,0.5,1
2396,Undistributed,Plant Maintenance & Operations,Child Care Program,School ,41720.0268778,0.95,2
2397,Undistributed,Plant Maintenance & Operations,Commercial  Bond Program,Construction Management,1438139.63524,21.3,24
2398,Undistributed,Plant Maintenance & Operations,Commercial Paper,Construction Management,480.37,0.0,1
2399,Undistributed,Plant Maintenance & Operations,General Fund,ABD,156493.1916597,3.0,8
2400,Undistributed,Plant Maintenance & Operations,General Fund,Activity Center,134376.09,0.0,3
2401,Undistributed,Plant Maintenance & Operations,General Fund,Administration Building,665819.0679861,7.0,16
2402,Undistributed,Plant Maintenance & Operations,General Fund,Annex,71256.7260885,1.0,4
2403,Undistributed,Plant Maintenance & Operations,General Fund,Assoc Superintendent-High Schools,286491.542767664,0.0,2
2404,Undistributed,Plant Maintenance & Operations,General Fund,Athletic Complex,202259.37,0.0,5
2405,Undistributed,Plant Maintenance & Operations,General Fund,Athletics-External ,667936.891557846,13.0,17
2406,Undistributed,Plant Maintenance & Operations,General Fund,Building,371042.012851,4.0,14
2407,Undistributed,Plant Maintenance & Operations,General Fund,Center,178397.17389510002,2.0,7
2408,Undistributed,Plant Maintenance & Operations,General Fund,Central Warehouse,1653134.1456007,33.0,47
2409,Undistributed,Plant Maintenance & Operations,General Fund,Chief Operations Officer,359921.24387130496,3.0,18
2410,Undistributed,Plant Maintenance & Operations,General Fund,Community Education-After School Program,18199.671395200003,0.0,1
2411,Undistributed,Plant Maintenance & Operations,General Fund,Construction Management,12617245.65,16.0,92
2412,Undistributed,Plant Maintenance & Operations,General Fund,District Police,723376.96,0.0,1
2413,Undistributed,Plant Maintenance & Operations,General Fund,Early Childhood Center,147057.5194913,2.0,6
2414,Undistributed,Plant Maintenance & Operations,General Fund,Educator Quality ,94375.28393676999,2.0,6
2415,Undistributed,Plant Maintenance & Operations,General Fund,Elementary (Pre-K),37684.372414490004,0.0,5
2416,Undistributed,Plant Maintenance & Operations,General Fund,Field Sport Facility,55829.27,0.0,2
2417,Undistributed,Plant Maintenance & Operations,General Fund,Finance,1604912.47,0.0,4
2418,Undistributed,Plant Maintenance & Operations,General Fund,Graduation Pathways,-0.29,0.0,1
2419,Undistributed,Plant Maintenance & Operations,General Fund,High Annex - Utility Budget,37704.27,0.0,1
2420,Undistributed,Plant Maintenance & Operations,General Fund,Human Resources,1091.73845109,0.0,1
2421,Undistributed,Plant Maintenance & Operations,General Fund,Independence,208058.67093425,3.0,9
2422,Undistributed,Plant Maintenance & Operations,General Fund,Math,741.3097098389999,0.0,1
2423,Undistributed,Plant Maintenance & Operations,General Fund,Network Support,671999.27,0.0,3
2424,Undistributed,Plant Maintenance & Operations,General Fund,Office of Facilities,1220033.431857293,4.0,23
2425,Undistributed,Plant Maintenance & Operations,General Fund,Park Concessions,140611.36,0.0,7
2426,Undistributed,Plant Maintenance & Operations,General Fund,Performing Arts ,-0.17,0.0,1
2427,Undistributed,Plant Maintenance & Operations,General Fund,Pre-K Center,30448.420623600003,1.0,3
2428,Undistributed,Plant Maintenance & Operations,General Fund,Prekindergarten Demonstration School,125999.350684466,0.0,9
2429,Undistributed,Plant Maintenance & Operations,General Fund,Primary Center,61954.4883204,2.0,3
2430,Undistributed,Plant Maintenance & Operations,General Fund,School ,41844326.406286284,604.0,1267
2431,Undistributed,Plant Maintenance & Operations,General Fund,School 6-12,64538.71000000001,0.0,3
2432,Undistributed,Plant Maintenance & Operations,General Fund,School K-5,107564.23000000001,0.0,3
2433,Undistributed,Plant Maintenance & Operations,General Fund,School Turnaround Initiative,-0.03,0.0,1
2434,Undistributed,Plant Maintenance & Operations,General Fund,"School, Family and Community Education",68799.13,0.0,3
2435,Undistributed,Plant Maintenance & Operations,General Fund,Science and Health,24103.65,0.0,1
2436,Undistributed,Plant Maintenance & Operations,General Fund,Secondary Alternative Learning Center,401300.9207962,5.0,10
2437,Undistributed,Plant Maintenance & Operations,General Fund,Service Center,78481.3,0.0,3
2438,Undistributed,Plant Maintenance & Operations,General Fund,Service Center Bldg & Grounds,13922794.618651247,201.0,239
2439,Undistributed,Plant Maintenance & Operations,General Fund,Service Center Housekeeping,2518389.5101710227,33.0,49
2440,Undistributed,Plant Maintenance & Operations,General Fund,Service Center for Vehicles,1172083.3570701228,8.0,20
2441,Undistributed,Plant Maintenance & Operations,General Fund,South Bus Terminal (New Bus Terminal),40066.369999999995,0.0,3
2442,Undistributed,Plant Maintenance & Operations,General Fund,Superintendent,3498.9100000000003,0.0,2
2443,Undistributed,Plant Maintenance & Operations,General Fund,System Wide Testing,27.2004612773,0.0,1
2444,Undistributed,Plant Maintenance & Operations,General Fund,Trans Center,26329.1,0.0,4
2445,Undistributed,Plant Maintenance & Operations,General Fund,Transportation Office,15489.85,0.0,1
2446,Undistributed,Plant Maintenance & Operations,General Fund,Undistributed Organization,2038711.9,0.0,1
2447,Undistributed,Plant Maintenance & Operations,General Fund,,239493.7506797,3.0,10
2448,Undistributed,Plant Maintenance & Operations,Nat'l Schl Breakfast & Lunch Prog.,Food Service,801084.5299999999,0.0,3
2449,Undistributed,Plant Maintenance & Operations,Nat'l Schl Breakfast & Lunch Prog.,Service Center Bldg & Grounds,61456.0714357,1.0,1
2450,Undistributed,School Leadership,Campus Activity Funds,School ,654380.8584693066,0.0,678
2451,Undistributed,School Leadership,Child Care Program,School ,54413.7060835,1.5,2
2452,Undistributed,School Leadership,General Fund,Primary Center,123547.22391550799,2.0,8
2453,Undistributed,School Leadership,General Fund,School ,39945915.56180737,663.93,1777
2454,Undistributed,School Leadership,General Fund,Substitute,247026.02400200002,0.0,4
2455,Undistributed,School Leadership,General Fund,Unallocated Cost Budget,9599.01,0.0,1
2456,Undistributed,School Leadership,General Fund,Undistributed Organization,2382337.71,0.0,1
2457,Undistributed,School Leadership,General Fund,,213182.767075674,3.5,15
2458,Undistributed,School Leadership,General Operating Fund,Administration - No Description Provided,36763.61,0.0,1
2459,Undistributed,School Leadership,General Operating Fund,School ,24815335.663775694,516.34,1200
2460,Undistributed,School Leadership,General Operating Fund,Summer School,2120.29371507,0.0,4
2461,Undistributed,School Leadership,General Operating Fund,Unallocated,11158.650000000001,0.0,4
2462,Undistributed,School Leadership,General Operating Fund,Undistributed,1161592.18,0.0,24
2463,Undistributed,School Leadership,Locally Funded Special Revenue Funds,Unallocated,9069.34,0.0,2
2464,Undistributed,School Leadership,Lower Strands Prj.,School ,6037.517965127001,0.0,4
2465,Undistributed,School Leadership,Student Activity Account,School ,1975.95597134,0.06,1
2466,Undistributed,School Leadership,Title Iv Part B  Century Community Learning Ce,School ,600.61,0.0,1
